record_id,Temperature,RH,Ws,Rain,FFMC,DMC,DC,ISI,BUI,FWI,fwi_source,ground_truth_tier,danger_class,danger_label,criticality,deadline_s,iot_fwi,iot_transmit,iot_gate_decision,source
0,30.0,15.9,7.4,0.32,99.0,65.0,209.6,8.8,50.4,20.4,provided,1,1,Moderate,0.35,5.640159571160261,20.4,1,transmit_to_edge,synthetic_fallback
1,32.4,64.8,18.5,0.04,86.4,38.9,163.7,9.9,40.7,19.8,provided,1,1,Moderate,0.35,5.640159571160261,19.8,1,transmit_to_edge,synthetic_fallback
2,27.8,50.8,13.3,1.75,81.6,29.6,108.5,4.3,26.6,8.1,provided,0,0,Low,0.2,10.0,8.1,0,local_low_no_transmit,synthetic_fallback
3,22.9,58.8,14.4,0.08,85.0,34.1,131.0,11.4,44.6,23.1,provided,2,2,High,0.55,3.1811399988150706,23.1,1,transmit_to_edge,synthetic_fallback
4,26.4,14.7,4.8,0.54,99.0,71.2,180.7,7.0,54.2,18.0,provided,1,1,Moderate,0.35,5.640159571160261,18.0,1,transmit_to_edge,synthetic_fallback
5,22.1,44.0,10.8,1.57,75.8,36.8,117.9,8.8,11.5,9.7,provided,0,0,Low,0.2,10.0,9.7,0,local_low_no_transmit,synthetic_fallback
6,30.5,38.8,16.9,1.13,87.9,55.7,207.8,5.1,45.7,12.9,provided,1,1,Moderate,0.35,5.640159571160261,12.9,1,transmit_to_edge,synthetic_fallback
7,40.7,33.0,23.2,0.58,99.0,95.5,268.2,8.9,80.1,26.0,provided,2,2,High,0.55,3.1811399988150706,26.0,1,transmit_to_edge,synthetic_fallback
8,26.1,5.0,23.9,0.14,99.0,85.2,279.4,8.3,75.0,24.0,provided,2,2,High,0.55,3.1811399988150706,24.0,1,transmit_to_edge,synthetic_fallback
9,25.0,44.6,16.4,0.6,86.8,55.1,140.0,7.7,44.5,17.4,provided,1,1,Moderate,0.35,5.640159571160261,17.4,1,transmit_to_edge,synthetic_fallback
10,33.9,71.7,15.7,2.32,72.4,14.0,139.6,9.9,10.7,10.4,provided,0,0,Low,0.2,10.0,10.4,0,local_low_no_transmit,synthetic_fallback
11,32.9,60.4,11.2,0.45,92.0,31.1,83.7,9.6,37.0,18.5,provided,1,1,Moderate,0.35,5.640159571160261,18.5,1,transmit_to_edge,synthetic_fallback
12,30.8,38.8,19.8,0.46,99.0,71.4,218.0,11.4,53.9,25.4,provided,2,2,High,0.55,3.1811399988150706,25.4,1,transmit_to_edge,synthetic_fallback
13,22.6,51.7,15.3,0.79,79.3,20.7,72.0,9.1,23.2,14.0,provided,1,1,Moderate,0.35,5.640159571160261,14.0,1,transmit_to_edge,synthetic_fallback
14,29.8,68.6,21.2,0.18,88.5,40.2,144.7,13.2,32.3,21.9,provided,2,2,High,0.55,3.1811399988150706,21.9,1,transmit_to_edge,synthetic_fallback
15,35.6,5.0,29.3,0.74,99.0,98.3,382.3,13.7,77.0,34.2,provided,2,2,High,0.55,3.1811399988150706,34.2,1,transmit_to_edge,synthetic_fallback
16,19.2,49.3,16.8,0.81,63.6,26.2,96.2,9.2,33.9,17.3,provided,1,1,Moderate,0.35,5.640159571160261,17.3,1,transmit_to_edge,synthetic_fallback
17,26.3,64.0,6.5,0.77,77.5,23.1,111.1,6.2,1.4,2.9,provided,0,0,Low,0.2,10.0,2.9,0,local_low_no_transmit,synthetic_fallback
18,14.8,67.0,11.0,0.4,61.9,24.5,18.1,1.9,10.0,1.5,provided,0,0,Low,0.2,10.0,1.5,0,local_low_no_transmit,synthetic_fallback
19,19.7,89.4,6.8,0.49,67.8,0.0,92.9,4.8,8.8,4.8,provided,0,0,Low,0.2,10.0,4.8,0,local_low_no_transmit,synthetic_fallback
20,15.3,77.0,8.6,0.41,59.8,12.8,57.0,8.8,8.7,8.5,provided,0,0,Low,0.2,10.0,8.5,0,local_low_no_transmit,synthetic_fallback
21,28.1,58.9,26.1,0.28,85.7,72.3,220.4,12.0,66.0,29.1,provided,2,2,High,0.55,3.1811399988150706,29.1,1,transmit_to_edge,synthetic_fallback
22,19.9,58.6,18.6,1.3,72.3,22.8,42.4,8.8,16.4,11.6,provided,1,1,Moderate,0.35,5.640159571160261,11.6,1,transmit_to_edge,synthetic_fallback
23,32.2,69.3,6.4,0.11,85.0,39.0,107.6,5.3,28.0,10.1,provided,0,0,Low,0.2,10.0,10.1,0,local_low_no_transmit,synthetic_fallback
24,31.3,40.1,21.6,0.02,98.6,75.1,282.3,11.2,82.9,31.1,provided,2,2,High,0.55,3.1811399988150706,31.1,1,transmit_to_edge,synthetic_fallback
25,28.5,51.1,25.8,0.92,90.6,68.6,177.5,15.2,53.3,30.6,provided,2,2,High,0.55,3.1811399988150706,30.6,1,transmit_to_edge,synthetic_fallback
26,10.0,71.9,14.5,1.02,48.6,0.0,16.0,6.1,0.0,1.8,provided,0,0,Low,0.2,10.0,1.8,0,local_low_no_transmit,synthetic_fallback
27,25.7,95.1,12.3,0.05,66.3,14.0,67.9,5.3,4.3,3.8,provided,0,0,Low,0.2,10.0,3.8,0,local_low_no_transmit,synthetic_fallback
28,29.6,48.5,14.6,0.87,94.3,46.4,133.3,2.5,32.0,5.6,provided,0,0,Low,0.2,10.0,5.6,0,local_low_no_transmit,synthetic_fallback
29,30.9,50.9,19.0,0.89,99.0,56.7,214.0,9.7,54.7,22.8,provided,2,2,High,0.55,3.1811399988150706,22.8,1,transmit_to_edge,synthetic_fallback
30,17.8,56.4,21.5,0.46,81.8,30.4,111.0,6.8,30.8,12.9,provided,1,1,Moderate,0.35,5.640159571160261,12.9,1,transmit_to_edge,synthetic_fallback
31,26.2,81.6,25.3,2.14,70.0,20.8,77.0,6.6,18.0,9.6,provided,0,0,Low,0.2,10.0,9.6,0,local_low_no_transmit,synthetic_fallback
32,22.2,51.3,25.5,0.54,92.8,37.6,131.7,14.7,26.6,21.5,provided,2,2,High,0.55,3.1811399988150706,21.5,1,transmit_to_edge,synthetic_fallback
33,23.5,84.3,25.3,0.07,80.7,24.6,112.1,14.0,28.0,21.3,provided,2,2,High,0.55,3.1811399988150706,21.3,1,transmit_to_edge,synthetic_fallback
34,38.5,30.7,26.5,0.55,99.0,79.2,281.8,9.4,54.6,22.2,provided,2,2,High,0.55,3.1811399988150706,22.2,1,transmit_to_edge,synthetic_fallback
35,23.5,47.9,21.6,0.78,92.7,36.0,191.4,13.4,32.0,22.0,provided,2,2,High,0.55,3.1811399988150706,22.0,1,transmit_to_edge,synthetic_fallback
36,29.7,47.6,6.3,2.11,80.3,33.1,169.3,6.2,29.5,11.7,provided,1,1,Moderate,0.35,5.640159571160261,11.7,1,transmit_to_edge,synthetic_fallback
37,37.1,69.3,16.1,0.42,92.8,49.4,217.8,8.3,38.2,16.9,provided,1,1,Moderate,0.35,5.640159571160261,16.9,1,transmit_to_edge,synthetic_fallback
38,25.3,75.0,19.2,0.49,77.6,15.5,122.9,11.7,18.5,15.3,provided,1,1,Moderate,0.35,5.640159571160261,15.3,1,transmit_to_edge,synthetic_fallback
39,29.1,18.8,14.3,2.61,95.5,70.4,221.4,4.7,53.5,13.1,provided,1,1,Moderate,0.35,5.640159571160261,13.1,1,transmit_to_edge,synthetic_fallback
40,30.9,31.9,23.4,0.18,99.0,71.5,167.0,10.2,49.9,22.5,provided,2,2,High,0.55,3.1811399988150706,22.5,1,transmit_to_edge,synthetic_fallback
41,30.5,59.4,14.5,0.85,81.1,28.3,185.2,5.4,43.8,13.1,provided,1,1,Moderate,0.35,5.640159571160261,13.1,1,transmit_to_edge,synthetic_fallback
42,20.2,37.5,10.5,0.18,73.7,53.9,149.0,4.9,49.8,12.9,provided,1,1,Moderate,0.35,5.640159571160261,12.9,1,transmit_to_edge,synthetic_fallback
43,30.6,18.5,27.1,0.01,99.0,78.0,308.5,16.0,78.7,38.4,provided,3,3,Very High,0.75,1.7942137211517566,38.4,1,transmit_to_edge,synthetic_fallback
44,40.9,74.8,21.7,0.05,84.6,64.7,206.3,8.6,54.7,21.0,provided,1,1,Moderate,0.35,5.640159571160261,21.0,1,transmit_to_edge,synthetic_fallback
45,17.6,62.9,18.5,0.26,74.8,23.7,44.7,7.4,25.7,12.5,provided,1,1,Moderate,0.35,5.640159571160261,12.5,1,transmit_to_edge,synthetic_fallback
46,36.9,62.8,23.5,0.09,98.2,64.4,205.3,10.8,60.3,25.8,provided,2,2,High,0.55,3.1811399988150706,25.8,1,transmit_to_edge,synthetic_fallback
47,31.0,41.5,24.4,3.15,76.2,44.6,181.7,10.6,49.5,23.0,provided,2,2,High,0.55,3.1811399988150706,23.0,1,transmit_to_edge,synthetic_fallback
48,24.9,74.6,19.4,0.78,78.9,18.7,144.9,9.3,39.7,18.8,provided,1,1,Moderate,0.35,5.640159571160261,18.8,1,transmit_to_edge,synthetic_fallback
49,46.0,46.7,1.0,0.78,99.0,71.9,235.3,7.2,59.0,19.1,provided,1,1,Moderate,0.35,5.640159571160261,19.1,1,transmit_to_edge,synthetic_fallback
50,36.1,76.1,12.3,0.21,87.4,64.1,130.1,7.0,51.5,17.5,provided,1,1,Moderate,0.35,5.640159571160261,17.5,1,transmit_to_edge,synthetic_fallback
51,20.4,31.9,13.8,0.27,99.0,26.0,228.2,6.9,30.1,12.9,provided,1,1,Moderate,0.35,5.640159571160261,12.9,1,transmit_to_edge,synthetic_fallback
52,30.6,33.2,10.1,1.42,99.0,54.8,166.3,6.7,17.4,9.5,provided,0,0,Low,0.2,10.0,9.5,0,local_low_no_transmit,synthetic_fallback
53,34.6,56.5,18.4,0.13,89.4,63.7,287.9,10.8,47.4,22.9,provided,2,2,High,0.55,3.1811399988150706,22.9,1,transmit_to_edge,synthetic_fallback
54,28.5,36.5,25.3,0.74,99.0,51.4,225.9,11.1,47.1,23.2,provided,2,2,High,0.55,3.1811399988150706,23.2,1,transmit_to_edge,synthetic_fallback
55,35.5,66.9,13.6,0.95,89.7,30.4,131.9,9.3,32.7,17.0,provided,1,1,Moderate,0.35,5.640159571160261,17.0,1,transmit_to_edge,synthetic_fallback
56,29.5,57.7,9.1,0.4,88.3,63.6,190.0,11.5,48.0,24.1,provided,2,2,High,0.55,3.1811399988150706,24.1,1,transmit_to_edge,synthetic_fallback
57,35.3,31.7,31.2,1.27,99.0,72.8,333.6,13.4,76.4,33.5,provided,2,2,High,0.55,3.1811399988150706,33.5,1,transmit_to_edge,synthetic_fallback
58,41.5,53.6,13.8,0.36,98.4,90.0,198.9,9.7,80.6,27.8,provided,2,2,High,0.55,3.1811399988150706,27.8,1,transmit_to_edge,synthetic_fallback
59,24.6,44.3,8.4,0.4,82.6,48.1,212.6,9.9,40.6,19.9,provided,1,1,Moderate,0.35,5.640159571160261,19.9,1,transmit_to_edge,synthetic_fallback
60,31.6,72.1,18.7,0.23,80.9,42.9,146.3,8.8,48.0,19.9,provided,1,1,Moderate,0.35,5.640159571160261,19.9,1,transmit_to_edge,synthetic_fallback
61,26.3,38.1,20.0,0.08,92.0,64.0,266.9,9.5,71.6,25.8,provided,2,2,High,0.55,3.1811399988150706,25.8,1,transmit_to_edge,synthetic_fallback
62,31.0,42.3,12.1,1.38,89.9,56.0,168.6,5.5,50.2,14.4,provided,1,1,Moderate,0.35,5.640159571160261,14.4,1,transmit_to_edge,synthetic_fallback
63,20.5,78.6,22.5,0.94,59.8,26.2,5.6,10.8,9.5,10.5,provided,0,0,Low,0.2,10.0,10.5,0,local_low_no_transmit,synthetic_fallback
64,25.4,98.0,13.6,0.78,56.5,9.6,46.9,8.1,20.8,12.1,provided,1,1,Moderate,0.35,5.640159571160261,12.1,1,transmit_to_edge,synthetic_fallback
65,28.4,96.0,10.5,0.38,71.5,15.0,90.4,6.7,13.9,8.4,provided,0,0,Low,0.2,10.0,8.4,0,local_low_no_transmit,synthetic_fallback
66,37.2,53.4,18.3,1.84,91.8,54.1,264.6,9.8,48.0,21.5,provided,2,2,High,0.55,3.1811399988150706,21.5,1,transmit_to_edge,synthetic_fallback
67,39.2,56.8,22.4,0.69,99.0,78.4,294.6,15.0,69.6,34.5,provided,2,2,High,0.55,3.1811399988150706,34.5,1,transmit_to_edge,synthetic_fallback
68,19.4,85.7,12.6,2.4,42.0,12.2,49.3,6.8,6.5,5.9,provided,0,0,Low,0.2,10.0,5.9,0,local_low_no_transmit,synthetic_fallback
69,23.6,49.3,19.3,0.13,83.4,35.7,160.2,7.6,41.4,16.5,provided,1,1,Moderate,0.35,5.640159571160261,16.5,1,transmit_to_edge,synthetic_fallback
70,35.2,30.5,16.3,0.27,99.0,70.4,256.8,10.4,67.4,26.7,provided,2,2,High,0.55,3.1811399988150706,26.7,1,transmit_to_edge,synthetic_fallback
71,14.1,54.6,36.8,0.74,78.4,33.2,103.8,15.8,37.6,26.6,provided,2,2,High,0.55,3.1811399988150706,26.6,1,transmit_to_edge,synthetic_fallback
72,26.3,61.9,12.0,1.02,74.8,23.9,85.8,8.9,25.3,14.4,provided,1,1,Moderate,0.35,5.640159571160261,14.4,1,transmit_to_edge,synthetic_fallback
73,29.2,33.8,26.7,0.41,99.0,64.9,237.6,13.2,50.1,27.0,provided,2,2,High,0.55,3.1811399988150706,27.0,1,transmit_to_edge,synthetic_fallback
74,40.1,15.8,16.6,0.24,99.0,86.8,253.6,9.2,70.4,24.9,provided,2,2,High,0.55,3.1811399988150706,24.9,1,transmit_to_edge,synthetic_fallback
75,35.5,20.4,16.1,0.54,99.0,79.8,300.7,9.2,76.9,26.2,provided,2,2,High,0.55,3.1811399988150706,26.2,1,transmit_to_edge,synthetic_fallback
76,27.4,66.6,22.1,0.45,83.8,43.0,143.5,7.4,33.3,14.5,provided,1,1,Moderate,0.35,5.640159571160261,14.5,1,transmit_to_edge,synthetic_fallback
77,27.1,35.3,23.3,0.62,99.0,70.0,307.5,12.4,87.3,34.1,provided,2,2,High,0.55,3.1811399988150706,34.1,1,transmit_to_edge,synthetic_fallback
78,28.0,48.9,25.9,1.92,83.6,43.2,185.9,10.4,37.3,19.7,provided,1,1,Moderate,0.35,5.640159571160261,19.7,1,transmit_to_edge,synthetic_fallback
79,42.2,56.7,19.3,0.14,99.0,93.8,245.4,12.5,71.0,30.9,provided,2,2,High,0.55,3.1811399988150706,30.9,1,transmit_to_edge,synthetic_fallback
80,26.6,65.6,12.8,0.25,83.8,33.8,149.7,6.2,40.1,14.0,provided,1,1,Moderate,0.35,5.640159571160261,14.0,1,transmit_to_edge,synthetic_fallback
81,27.6,44.6,13.2,1.58,86.0,72.9,109.2,7.0,59.9,18.9,provided,1,1,Moderate,0.35,5.640159571160261,18.9,1,transmit_to_edge,synthetic_fallback
82,32.8,63.0,20.6,0.05,93.1,63.4,173.7,9.5,51.4,21.7,provided,2,2,High,0.55,3.1811399988150706,21.7,1,transmit_to_edge,synthetic_fallback
83,29.0,32.4,21.1,1.06,99.0,65.9,155.3,9.1,50.3,20.9,provided,1,1,Moderate,0.35,5.640159571160261,20.9,1,transmit_to_edge,synthetic_fallback
84,28.4,44.0,26.8,0.47,99.0,54.4,265.6,15.2,54.7,31.1,provided,2,2,High,0.55,3.1811399988150706,31.1,1,transmit_to_edge,synthetic_fallback
85,21.1,29.5,19.9,0.39,98.8,25.6,217.0,10.5,36.3,19.6,provided,1,1,Moderate,0.35,5.640159571160261,19.6,1,transmit_to_edge,synthetic_fallback
86,29.9,76.9,24.4,0.44,85.0,35.7,98.1,13.1,35.2,22.7,provided,2,2,High,0.55,3.1811399988150706,22.7,1,transmit_to_edge,synthetic_fallback
87,26.5,51.4,27.6,0.54,96.3,52.3,182.8,11.3,42.5,22.3,provided,2,2,High,0.55,3.1811399988150706,22.3,1,transmit_to_edge,synthetic_fallback
88,39.3,35.7,18.2,0.12,99.0,101.7,328.1,11.3,89.3,32.4,provided,2,2,High,0.55,3.1811399988150706,32.4,1,transmit_to_edge,synthetic_fallback
89,35.2,44.2,6.6,0.01,99.0,49.8,247.1,3.8,53.9,11.0,provided,0,0,Low,0.2,10.0,11.0,0,local_low_no_transmit,synthetic_fallback
90,29.8,47.1,8.7,0.15,91.9,71.1,203.6,6.6,64.6,18.9,provided,1,1,Moderate,0.35,5.640159571160261,18.9,1,transmit_to_edge,synthetic_fallback
91,35.3,67.4,6.9,0.8,72.7,38.5,122.1,4.5,7.7,4.3,provided,0,0,Low,0.2,10.0,4.3,0,local_low_no_transmit,synthetic_fallback
92,27.3,16.9,28.1,0.27,99.0,86.5,261.4,15.5,64.8,34.1,provided,2,2,High,0.55,3.1811399988150706,34.1,1,transmit_to_edge,synthetic_fallback
93,38.4,29.2,11.1,0.36,99.0,54.4,288.7,9.1,46.5,20.0,provided,1,1,Moderate,0.35,5.640159571160261,20.0,1,transmit_to_edge,synthetic_fallback
94,30.0,43.7,25.6,1.82,84.3,52.3,218.4,11.3,45.2,23.0,provided,2,2,High,0.55,3.1811399988150706,23.0,1,transmit_to_edge,synthetic_fallback
95,34.7,98.0,21.1,0.32,76.8,26.1,83.9,12.5,23.5,18.0,provided,1,1,Moderate,0.35,5.640159571160261,18.0,1,transmit_to_edge,synthetic_fallback
96,19.7,73.0,29.0,0.3,70.3,32.6,60.5,13.3,32.2,21.9,provided,2,2,High,0.55,3.1811399988150706,21.9,1,transmit_to_edge,synthetic_fallback
97,32.8,49.5,24.0,0.18,99.0,64.8,270.7,14.1,63.3,31.7,provided,2,2,High,0.55,3.1811399988150706,31.7,1,transmit_to_edge,synthetic_fallback
98,16.5,67.7,16.3,0.63,71.4,2.8,27.6,10.4,2.5,6.1,provided,0,0,Low,0.2,10.0,6.1,0,local_low_no_transmit,synthetic_fallback
99,13.7,97.3,15.6,0.48,43.1,13.5,62.7,6.8,12.7,8.2,provided,0,0,Low,0.2,10.0,8.2,0,local_low_no_transmit,synthetic_fallback
100,27.6,46.9,17.6,1.0,91.8,53.4,179.6,9.3,59.6,23.2,provided,2,2,High,0.55,3.1811399988150706,23.2,1,transmit_to_edge,synthetic_fallback
101,22.8,43.9,18.2,0.68,84.1,49.1,190.3,10.7,38.4,20.4,provided,1,1,Moderate,0.35,5.640159571160261,20.4,1,transmit_to_edge,synthetic_fallback
102,31.3,78.7,13.3,0.55,90.6,41.5,180.2,7.9,40.2,16.7,provided,1,1,Moderate,0.35,5.640159571160261,16.7,1,transmit_to_edge,synthetic_fallback
103,48.0,62.9,16.8,0.17,99.0,88.0,300.0,11.5,87.7,32.4,provided,2,2,High,0.55,3.1811399988150706,32.4,1,transmit_to_edge,synthetic_fallback
104,23.3,66.8,28.3,1.28,63.8,28.2,136.2,14.1,29.3,21.8,provided,2,2,High,0.55,3.1811399988150706,21.8,1,transmit_to_edge,synthetic_fallback
105,25.0,40.8,5.1,1.25,83.2,23.7,107.3,7.2,5.5,5.8,provided,0,0,Low,0.2,10.0,5.8,0,local_low_no_transmit,synthetic_fallback
106,31.6,94.3,18.8,1.23,68.8,4.4,49.7,8.1,8.9,8.0,provided,0,0,Low,0.2,10.0,8.0,0,local_low_no_transmit,synthetic_fallback
107,33.9,89.6,10.7,0.75,72.7,38.6,119.9,4.0,29.2,8.1,provided,0,0,Low,0.2,10.0,8.1,0,local_low_no_transmit,synthetic_fallback
108,28.6,64.5,18.3,0.94,69.5,43.6,190.4,8.9,38.9,18.0,provided,1,1,Moderate,0.35,5.640159571160261,18.0,1,transmit_to_edge,synthetic_fallback
109,28.4,67.1,22.9,0.08,89.3,44.6,209.9,11.8,50.0,25.0,provided,2,2,High,0.55,3.1811399988150706,25.0,1,transmit_to_edge,synthetic_fallback
110,35.6,7.4,16.6,0.18,99.0,90.7,419.2,13.0,87.9,35.2,provided,2,2,High,0.55,3.1811399988150706,35.2,1,transmit_to_edge,synthetic_fallback
111,34.2,66.0,22.4,1.19,76.5,45.8,178.4,9.7,38.3,19.0,provided,1,1,Moderate,0.35,5.640159571160261,19.0,1,transmit_to_edge,synthetic_fallback
112,21.7,47.7,5.9,0.31,88.1,34.8,137.1,6.0,38.0,13.1,provided,1,1,Moderate,0.35,5.640159571160261,13.1,1,transmit_to_edge,synthetic_fallback
113,29.4,61.5,24.7,0.52,85.4,43.5,207.7,13.8,44.2,26.3,provided,2,2,High,0.55,3.1811399988150706,26.3,1,transmit_to_edge,synthetic_fallback
114,30.3,67.0,12.8,1.03,94.7,26.8,128.0,7.5,25.9,12.8,provided,1,1,Moderate,0.35,5.640159571160261,12.8,1,transmit_to_edge,synthetic_fallback
115,21.6,44.5,21.4,0.06,91.6,68.9,171.5,11.4,57.5,26.1,provided,2,2,High,0.55,3.1811399988150706,26.1,1,transmit_to_edge,synthetic_fallback
116,32.1,14.8,18.3,0.78,99.0,81.9,248.3,14.5,70.2,33.9,provided,2,2,High,0.55,3.1811399988150706,33.9,1,transmit_to_edge,synthetic_fallback
117,23.1,60.1,1.0,1.78,74.7,7.6,92.9,6.5,7.8,6.2,provided,0,0,Low,0.2,10.0,6.2,0,local_low_no_transmit,synthetic_fallback
118,37.8,35.7,11.7,0.05,99.0,63.8,237.7,10.4,52.0,23.4,provided,2,2,High,0.55,3.1811399988150706,23.4,1,transmit_to_edge,synthetic_fallback
119,31.5,44.7,18.5,0.72,92.0,50.5,227.7,11.0,46.7,23.1,provided,2,2,High,0.55,3.1811399988150706,23.1,1,transmit_to_edge,synthetic_fallback
120,30.7,38.7,27.9,0.55,99.0,74.4,192.7,11.8,52.3,25.6,provided,2,2,High,0.55,3.1811399988150706,25.6,1,transmit_to_edge,synthetic_fallback
121,25.3,44.5,19.0,0.65,86.3,55.3,213.8,11.6,38.7,21.7,provided,2,2,High,0.55,3.1811399988150706,21.7,1,transmit_to_edge,synthetic_fallback
122,29.1,5.0,18.8,1.84,94.5,71.0,226.8,10.1,70.2,26.6,provided,2,2,High,0.55,3.1811399988150706,26.6,1,transmit_to_edge,synthetic_fallback
123,14.0,78.8,7.1,0.8,68.8,4.5,54.5,6.0,4.3,4.3,provided,0,0,Low,0.2,10.0,4.3,0,local_low_no_transmit,synthetic_fallback
124,20.9,57.6,27.0,0.13,82.0,36.3,90.8,11.8,28.8,19.1,provided,1,1,Moderate,0.35,5.640159571160261,19.1,1,transmit_to_edge,synthetic_fallback
125,32.9,76.5,29.6,0.74,83.0,32.3,145.0,13.5,28.6,20.9,provided,1,1,Moderate,0.35,5.640159571160261,20.9,1,transmit_to_edge,synthetic_fallback
126,13.0,95.6,17.2,0.39,55.5,17.0,66.2,7.8,15.2,10.1,provided,0,0,Low,0.2,10.0,10.1,0,local_low_no_transmit,synthetic_fallback
127,36.8,52.5,15.5,0.77,87.2,63.0,186.7,9.9,52.3,22.5,provided,2,2,High,0.55,3.1811399988150706,22.5,1,transmit_to_edge,synthetic_fallback
128,16.0,12.3,5.7,0.08,83.7,76.4,191.3,9.4,61.7,23.7,provided,2,2,High,0.55,3.1811399988150706,23.7,1,transmit_to_edge,synthetic_fallback
129,36.1,32.3,23.2,0.08,99.0,74.8,277.7,13.5,58.8,29.7,provided,2,2,High,0.55,3.1811399988150706,29.7,1,transmit_to_edge,synthetic_fallback
130,23.2,25.4,35.9,0.19,99.0,69.6,174.4,13.1,63.2,30.1,provided,2,2,High,0.55,3.1811399988150706,30.1,1,transmit_to_edge,synthetic_fallback
131,36.2,41.0,22.0,0.05,99.0,84.9,283.4,10.2,66.6,26.1,provided,2,2,High,0.55,3.1811399988150706,26.1,1,transmit_to_edge,synthetic_fallback
132,31.0,53.8,25.8,1.03,98.7,49.5,205.1,9.5,52.8,22.0,provided,2,2,High,0.55,3.1811399988150706,22.0,1,transmit_to_edge,synthetic_fallback
133,17.7,8.0,20.8,0.42,96.4,49.7,191.1,9.9,28.4,16.6,provided,1,1,Moderate,0.35,5.640159571160261,16.6,1,transmit_to_edge,synthetic_fallback
134,40.0,59.5,10.1,2.08,91.4,36.9,190.8,8.1,26.9,13.9,provided,1,1,Moderate,0.35,5.640159571160261,13.9,1,transmit_to_edge,synthetic_fallback
135,41.5,18.8,26.4,1.03,99.0,96.9,313.1,14.0,89.7,37.4,provided,2,2,High,0.55,3.1811399988150706,37.4,1,transmit_to_edge,synthetic_fallback
136,29.5,58.5,8.4,0.7,77.1,42.1,108.9,5.1,32.7,10.6,provided,0,0,Low,0.2,10.0,10.6,0,local_low_no_transmit,synthetic_fallback
137,27.8,49.6,15.5,1.92,83.6,35.4,136.6,8.9,25.9,14.6,provided,1,1,Moderate,0.35,5.640159571160261,14.6,1,transmit_to_edge,synthetic_fallback
138,28.7,45.1,19.0,1.56,82.6,56.1,145.6,7.9,48.2,18.4,provided,1,1,Moderate,0.35,5.640159571160261,18.4,1,transmit_to_edge,synthetic_fallback
139,22.2,50.4,23.2,0.71,90.9,49.9,228.8,8.8,37.8,17.5,provided,1,1,Moderate,0.35,5.640159571160261,17.5,1,transmit_to_edge,synthetic_fallback
140,38.8,40.1,19.9,0.76,99.0,77.5,212.1,8.2,63.7,21.8,provided,2,2,High,0.55,3.1811399988150706,21.8,1,transmit_to_edge,synthetic_fallback
141,25.7,38.5,19.7,1.38,89.1,47.5,199.5,8.4,25.1,13.7,provided,1,1,Moderate,0.35,5.640159571160261,13.7,1,transmit_to_edge,synthetic_fallback
142,29.6,15.0,11.7,0.46,97.7,71.4,300.2,11.8,60.8,27.6,provided,2,2,High,0.55,3.1811399988150706,27.6,1,transmit_to_edge,synthetic_fallback
143,23.7,51.3,8.0,2.19,73.6,27.0,15.7,2.2,13.3,2.6,provided,0,0,Low,0.2,10.0,2.6,0,local_low_no_transmit,synthetic_fallback
144,25.0,92.6,17.4,2.58,52.6,13.2,0.0,9.5,12.9,11.0,provided,0,0,Low,0.2,10.0,11.0,0,local_low_no_transmit,synthetic_fallback
145,19.8,95.6,12.0,0.9,60.8,4.6,44.7,9.5,12.7,10.8,provided,0,0,Low,0.2,10.0,10.8,0,local_low_no_transmit,synthetic_fallback
146,40.1,81.1,7.8,2.35,76.0,32.0,89.1,4.8,19.3,7.5,provided,0,0,Low,0.2,10.0,7.5,0,local_low_no_transmit,synthetic_fallback
147,28.8,67.5,8.1,0.05,77.1,32.8,148.5,6.6,43.1,15.2,provided,1,1,Moderate,0.35,5.640159571160261,15.2,1,transmit_to_edge,synthetic_fallback
148,37.7,37.1,13.6,1.36,99.0,52.1,278.8,7.5,45.9,17.3,provided,1,1,Moderate,0.35,5.640159571160261,17.3,1,transmit_to_edge,synthetic_fallback
149,30.1,83.7,4.0,0.05,79.1,14.4,82.1,5.4,0.0,1.4,provided,0,0,Low,0.2,10.0,1.4,0,local_low_no_transmit,synthetic_fallback
150,24.4,50.8,7.6,0.66,78.0,42.9,95.2,7.6,14.6,9.7,provided,0,0,Low,0.2,10.0,9.7,0,local_low_no_transmit,synthetic_fallback
151,27.4,50.5,5.6,0.05,94.2,48.9,68.3,6.8,48.2,16.5,provided,1,1,Moderate,0.35,5.640159571160261,16.5,1,transmit_to_edge,synthetic_fallback
152,25.5,45.6,18.3,0.34,88.6,65.3,188.3,12.6,53.0,26.9,provided,2,2,High,0.55,3.1811399988150706,26.9,1,transmit_to_edge,synthetic_fallback
153,30.1,54.0,19.9,0.86,87.7,48.7,144.1,13.2,35.1,22.7,provided,2,2,High,0.55,3.1811399988150706,22.7,1,transmit_to_edge,synthetic_fallback
154,27.0,42.4,31.0,0.03,99.0,72.6,242.0,16.0,55.7,32.4,provided,2,2,High,0.55,3.1811399988150706,32.4,1,transmit_to_edge,synthetic_fallback
155,27.6,50.2,6.5,0.77,79.8,53.0,156.1,6.6,35.1,13.6,provided,1,1,Moderate,0.35,5.640159571160261,13.6,1,transmit_to_edge,synthetic_fallback
156,19.0,28.1,12.2,1.06,82.7,51.3,105.0,7.6,50.5,18.3,provided,1,1,Moderate,0.35,5.640159571160261,18.3,1,transmit_to_edge,synthetic_fallback
157,23.5,43.8,23.4,0.85,87.3,39.9,229.8,12.4,39.1,22.9,provided,2,2,High,0.55,3.1811399988150706,22.9,1,transmit_to_edge,synthetic_fallback
158,43.2,98.0,15.5,1.65,87.9,29.0,155.1,6.2,42.5,14.4,provided,1,1,Moderate,0.35,5.640159571160261,14.4,1,transmit_to_edge,synthetic_fallback
159,24.6,50.5,14.7,0.24,95.5,44.5,189.3,10.6,38.7,20.4,provided,1,1,Moderate,0.35,5.640159571160261,20.4,1,transmit_to_edge,synthetic_fallback
160,21.6,46.7,29.0,0.28,88.0,38.3,135.2,14.3,14.2,15.7,provided,1,1,Moderate,0.35,5.640159571160261,15.7,1,transmit_to_edge,synthetic_fallback
161,32.7,63.7,14.6,1.11,94.7,45.5,137.3,7.2,44.6,16.5,provided,1,1,Moderate,0.35,5.640159571160261,16.5,1,transmit_to_edge,synthetic_fallback
162,41.3,67.6,8.9,0.19,95.0,67.5,188.9,12.6,52.3,26.7,provided,2,2,High,0.55,3.1811399988150706,26.7,1,transmit_to_edge,synthetic_fallback
163,18.4,27.5,7.8,0.03,90.8,41.6,156.4,5.2,34.6,11.2,provided,1,1,Moderate,0.35,5.640159571160261,11.2,1,transmit_to_edge,synthetic_fallback
164,28.3,47.4,19.3,0.52,97.5,72.0,151.5,9.2,68.4,24.6,provided,2,2,High,0.55,3.1811399988150706,24.6,1,transmit_to_edge,synthetic_fallback
165,24.9,72.2,19.1,0.13,80.9,28.5,134.6,11.0,24.5,16.7,provided,1,1,Moderate,0.35,5.640159571160261,16.7,1,transmit_to_edge,synthetic_fallback
166,15.9,57.9,7.4,0.49,84.2,14.3,75.5,2.3,23.1,4.1,provided,0,0,Low,0.2,10.0,4.1,0,local_low_no_transmit,synthetic_fallback
167,35.9,54.7,10.1,0.74,94.3,51.0,207.6,6.1,45.6,14.8,provided,1,1,Moderate,0.35,5.640159571160261,14.8,1,transmit_to_edge,synthetic_fallback
168,29.8,86.2,20.7,0.28,70.8,22.5,95.4,6.9,14.4,8.8,provided,0,0,Low,0.2,10.0,8.8,0,local_low_no_transmit,synthetic_fallback
169,30.6,37.1,21.0,0.97,99.0,65.2,266.1,9.4,62.4,23.8,provided,2,2,High,0.55,3.1811399988150706,23.8,1,transmit_to_edge,synthetic_fallback
170,24.0,53.8,12.5,0.45,80.0,36.9,143.9,7.7,27.8,13.6,provided,1,1,Moderate,0.35,5.640159571160261,13.6,1,transmit_to_edge,synthetic_fallback
171,33.6,40.6,21.4,0.25,99.0,86.5,155.5,12.7,75.4,32.2,provided,2,2,High,0.55,3.1811399988150706,32.2,1,transmit_to_edge,synthetic_fallback
172,25.7,84.8,21.0,0.2,56.7,30.3,72.0,12.0,31.7,20.2,provided,1,1,Moderate,0.35,5.640159571160261,20.2,1,transmit_to_edge,synthetic_fallback
173,28.9,9.1,4.5,0.1,99.0,81.2,270.0,8.5,69.5,23.4,provided,2,2,High,0.55,3.1811399988150706,23.4,1,transmit_to_edge,synthetic_fallback
174,21.1,37.3,14.8,0.16,93.9,45.0,207.5,12.3,46.6,24.8,provided,2,2,High,0.55,3.1811399988150706,24.8,1,transmit_to_edge,synthetic_fallback
175,20.3,40.4,19.9,0.89,89.6,26.3,139.8,11.9,30.0,19.6,provided,1,1,Moderate,0.35,5.640159571160261,19.6,1,transmit_to_edge,synthetic_fallback
176,40.7,66.6,13.0,0.6,99.0,55.1,194.9,8.1,45.3,18.1,provided,1,1,Moderate,0.35,5.640159571160261,18.1,1,transmit_to_edge,synthetic_fallback
177,25.9,65.3,2.0,0.64,85.0,16.0,72.2,7.3,21.9,11.4,provided,1,1,Moderate,0.35,5.640159571160261,11.4,1,transmit_to_edge,synthetic_fallback
178,32.3,82.7,15.0,0.06,81.2,44.6,155.2,8.0,36.5,16.1,provided,1,1,Moderate,0.35,5.640159571160261,16.1,1,transmit_to_edge,synthetic_fallback
179,29.7,17.4,22.3,1.51,99.0,69.7,236.4,10.2,64.4,25.6,provided,2,2,High,0.55,3.1811399988150706,25.6,1,transmit_to_edge,synthetic_fallback
180,26.5,68.5,28.1,0.46,79.5,55.8,124.7,16.3,36.2,26.7,provided,2,2,High,0.55,3.1811399988150706,26.7,1,transmit_to_edge,synthetic_fallback
181,25.9,45.5,1.7,3.36,67.8,24.1,42.9,3.9,19.1,6.1,provided,0,0,Low,0.2,10.0,6.1,0,local_low_no_transmit,synthetic_fallback
182,35.0,37.4,35.3,0.52,99.0,88.6,306.6,16.8,79.3,39.7,provided,3,3,Very High,0.75,1.7942137211517566,39.7,1,transmit_to_edge,synthetic_fallback
183,27.6,63.9,9.1,0.16,84.5,38.5,117.0,9.0,25.7,14.7,provided,1,1,Moderate,0.35,5.640159571160261,14.7,1,transmit_to_edge,synthetic_fallback
184,28.8,31.8,23.7,0.49,93.3,69.0,182.8,14.2,52.5,29.1,provided,2,2,High,0.55,3.1811399988150706,29.1,1,transmit_to_edge,synthetic_fallback
185,30.2,6.3,25.6,0.46,99.0,95.6,339.3,10.3,78.3,28.4,provided,2,2,High,0.55,3.1811399988150706,28.4,1,transmit_to_edge,synthetic_fallback
186,39.4,43.9,23.9,0.91,99.0,82.9,240.0,12.2,74.1,31.1,provided,2,2,High,0.55,3.1811399988150706,31.1,1,transmit_to_edge,synthetic_fallback
187,35.4,19.0,18.0,0.05,99.0,81.1,327.0,8.5,66.6,22.9,provided,2,2,High,0.55,3.1811399988150706,22.9,1,transmit_to_edge,synthetic_fallback
188,33.1,37.7,8.9,0.22,99.0,69.0,244.6,8.3,63.1,21.9,provided,2,2,High,0.55,3.1811399988150706,21.9,1,transmit_to_edge,synthetic_fallback
189,25.5,60.2,21.4,0.47,81.8,65.8,189.4,9.5,66.4,24.7,provided,2,2,High,0.55,3.1811399988150706,24.7,1,transmit_to_edge,synthetic_fallback
190,18.9,58.9,12.0,0.2,66.3,25.0,136.9,10.2,27.4,16.7,provided,1,1,Moderate,0.35,5.640159571160261,16.7,1,transmit_to_edge,synthetic_fallback
191,37.6,86.9,1.0,0.22,73.0,29.7,102.1,5.2,12.6,6.4,provided,0,0,Low,0.2,10.0,6.4,0,local_low_no_transmit,synthetic_fallback
192,37.7,47.6,36.8,0.79,99.0,69.3,267.5,14.8,62.2,32.5,provided,2,2,High,0.55,3.1811399988150706,32.5,1,transmit_to_edge,synthetic_fallback
193,28.9,18.3,22.0,0.64,97.1,60.2,222.9,11.8,60.9,27.6,provided,2,2,High,0.55,3.1811399988150706,27.6,1,transmit_to_edge,synthetic_fallback
194,34.3,35.4,29.7,0.16,99.0,92.1,345.7,12.1,78.4,31.7,provided,2,2,High,0.55,3.1811399988150706,31.7,1,transmit_to_edge,synthetic_fallback
195,36.3,31.8,10.6,0.05,99.0,76.9,289.1,8.8,76.3,25.2,provided,2,2,High,0.55,3.1811399988150706,25.2,1,transmit_to_edge,synthetic_fallback
196,36.6,25.2,27.3,0.02,99.0,94.3,374.0,15.2,88.8,39.3,provided,3,3,Very High,0.75,1.7942137211517566,39.3,1,transmit_to_edge,synthetic_fallback
197,37.4,61.6,28.1,1.78,85.2,71.3,181.7,13.1,60.7,29.5,provided,2,2,High,0.55,3.1811399988150706,29.5,1,transmit_to_edge,synthetic_fallback
198,26.4,37.8,27.9,0.39,96.0,86.6,150.9,9.6,63.3,24.4,provided,2,2,High,0.55,3.1811399988150706,24.4,1,transmit_to_edge,synthetic_fallback
199,42.1,8.5,16.9,0.23,99.0,96.6,427.5,9.8,84.4,28.7,provided,2,2,High,0.55,3.1811399988150706,28.7,1,transmit_to_edge,synthetic_fallback
200,20.0,67.3,8.6,0.21,76.6,30.3,82.4,7.8,22.7,12.4,provided,1,1,Moderate,0.35,5.640159571160261,12.4,1,transmit_to_edge,synthetic_fallback
201,36.9,49.5,15.8,0.23,97.0,72.4,243.2,10.8,62.2,26.2,provided,2,2,High,0.55,3.1811399988150706,26.2,1,transmit_to_edge,synthetic_fallback
202,34.0,59.9,1.6,0.57,79.3,46.9,160.5,7.0,44.3,16.0,provided,1,1,Moderate,0.35,5.640159571160261,16.0,1,transmit_to_edge,synthetic_fallback
203,37.0,54.3,5.1,0.04,99.0,63.2,234.5,4.1,58.6,12.4,provided,1,1,Moderate,0.35,5.640159571160261,12.4,1,transmit_to_edge,synthetic_fallback
204,45.0,65.9,17.6,1.34,99.0,60.6,238.9,11.3,51.4,24.6,provided,2,2,High,0.55,3.1811399988150706,24.6,1,transmit_to_edge,synthetic_fallback
205,41.9,52.8,10.1,0.69,99.0,81.5,181.2,6.7,64.5,19.0,provided,1,1,Moderate,0.35,5.640159571160261,19.0,1,transmit_to_edge,synthetic_fallback
206,20.8,79.2,15.8,0.92,62.7,17.2,87.1,8.3,19.6,12.0,provided,1,1,Moderate,0.35,5.640159571160261,12.0,1,transmit_to_edge,synthetic_fallback
207,16.5,61.3,16.2,0.73,73.1,21.4,54.3,9.5,4.2,6.8,provided,0,0,Low,0.2,10.0,6.8,0,local_low_no_transmit,synthetic_fallback
208,36.5,60.6,30.5,0.59,99.0,75.3,210.9,16.2,55.6,32.7,provided,2,2,High,0.55,3.1811399988150706,32.7,1,transmit_to_edge,synthetic_fallback
209,21.9,61.0,26.1,0.23,87.7,46.1,199.4,11.6,35.7,20.9,provided,1,1,Moderate,0.35,5.640159571160261,20.9,1,transmit_to_edge,synthetic_fallback
210,29.9,20.0,16.7,1.49,92.9,70.1,268.6,9.8,60.2,24.1,provided,2,2,High,0.55,3.1811399988150706,24.1,1,transmit_to_edge,synthetic_fallback
211,36.7,48.4,25.5,0.01,99.0,77.1,253.2,10.9,63.2,26.6,provided,2,2,High,0.55,3.1811399988150706,26.6,1,transmit_to_edge,synthetic_fallback
212,16.8,46.3,11.5,1.13,73.3,41.2,27.4,3.8,26.4,7.3,provided,0,0,Low,0.2,10.0,7.3,0,local_low_no_transmit,synthetic_fallback
213,13.1,56.6,14.6,0.65,62.4,20.3,69.2,8.8,10.5,9.3,provided,0,0,Low,0.2,10.0,9.3,0,local_low_no_transmit,synthetic_fallback
214,32.1,22.1,23.4,0.01,99.0,82.5,316.9,12.7,78.2,32.7,provided,2,2,High,0.55,3.1811399988150706,32.7,1,transmit_to_edge,synthetic_fallback
215,30.4,88.0,8.3,0.12,74.5,15.1,89.6,3.0,17.5,4.5,provided,0,0,Low,0.2,10.0,4.5,0,local_low_no_transmit,synthetic_fallback
216,28.0,54.3,15.0,1.57,79.5,32.5,91.2,6.3,13.6,7.8,provided,0,0,Low,0.2,10.0,7.8,0,local_low_no_transmit,synthetic_fallback
217,30.3,25.4,7.8,0.98,99.0,51.0,194.7,7.3,45.0,16.7,provided,1,1,Moderate,0.35,5.640159571160261,16.7,1,transmit_to_edge,synthetic_fallback
218,23.1,14.4,17.8,0.37,93.0,68.3,198.3,13.9,47.4,27.2,provided,2,2,High,0.55,3.1811399988150706,27.2,1,transmit_to_edge,synthetic_fallback
219,17.9,45.8,28.4,1.51,79.3,34.8,129.4,14.7,44.1,27.4,provided,2,2,High,0.55,3.1811399988150706,27.4,1,transmit_to_edge,synthetic_fallback
220,28.7,50.0,11.7,0.66,90.6,25.1,196.6,10.0,24.6,15.5,provided,1,1,Moderate,0.35,5.640159571160261,15.5,1,transmit_to_edge,synthetic_fallback
221,22.2,36.2,18.6,1.02,89.4,45.3,202.3,6.2,38.6,13.6,provided,1,1,Moderate,0.35,5.640159571160261,13.6,1,transmit_to_edge,synthetic_fallback
222,16.9,54.0,10.7,0.04,82.4,32.8,76.1,7.6,26.7,13.1,provided,1,1,Moderate,0.35,5.640159571160261,13.1,1,transmit_to_edge,synthetic_fallback
223,34.0,37.9,9.0,1.44,87.3,57.6,211.8,7.7,48.7,18.2,provided,1,1,Moderate,0.35,5.640159571160261,18.2,1,transmit_to_edge,synthetic_fallback
224,29.5,64.1,8.3,0.19,74.7,29.2,163.7,7.4,28.5,13.3,provided,1,1,Moderate,0.35,5.640159571160261,13.3,1,transmit_to_edge,synthetic_fallback
225,33.3,36.1,27.2,0.29,99.0,88.0,252.2,14.8,84.8,37.7,provided,2,2,High,0.55,3.1811399988150706,37.7,1,transmit_to_edge,synthetic_fallback
226,22.1,51.2,33.5,0.78,90.0,37.5,158.8,14.6,35.8,24.6,provided,2,2,High,0.55,3.1811399988150706,24.6,1,transmit_to_edge,synthetic_fallback
227,24.7,73.5,20.4,0.34,90.4,16.9,185.8,15.0,28.9,22.7,provided,2,2,High,0.55,3.1811399988150706,22.7,1,transmit_to_edge,synthetic_fallback
228,22.0,98.0,12.0,0.51,63.6,0.0,32.2,10.1,11.1,10.7,provided,0,0,Low,0.2,10.0,10.7,0,local_low_no_transmit,synthetic_fallback
229,22.9,29.8,21.9,0.78,88.5,54.6,230.3,11.1,41.7,21.8,provided,2,2,High,0.55,3.1811399988150706,21.8,1,transmit_to_edge,synthetic_fallback
230,31.6,41.8,14.7,1.22,97.9,63.6,180.8,7.1,65.9,20.0,provided,1,1,Moderate,0.35,5.640159571160261,20.0,1,transmit_to_edge,synthetic_fallback
231,23.7,33.5,22.6,0.28,90.6,69.6,211.7,16.4,63.6,35.2,provided,2,2,High,0.55,3.1811399988150706,35.2,1,transmit_to_edge,synthetic_fallback
232,32.8,69.3,19.0,0.76,77.1,44.5,96.8,8.5,42.5,18.2,provided,1,1,Moderate,0.35,5.640159571160261,18.2,1,transmit_to_edge,synthetic_fallback
233,32.7,26.7,19.0,0.19,99.0,65.4,276.0,13.9,52.3,28.6,provided,2,2,High,0.55,3.1811399988150706,28.6,1,transmit_to_edge,synthetic_fallback
234,46.2,41.3,21.3,0.64,99.0,81.6,356.1,15.9,81.1,38.7,provided,3,3,Very High,0.75,1.7942137211517566,38.7,1,transmit_to_edge,synthetic_fallback
235,18.9,51.3,12.9,0.22,83.5,22.6,193.3,6.4,29.7,12.1,provided,1,1,Moderate,0.35,5.640159571160261,12.1,1,transmit_to_edge,synthetic_fallback
236,37.1,30.5,14.2,0.21,99.0,77.7,326.3,10.4,65.9,26.2,provided,2,2,High,0.55,3.1811399988150706,26.2,1,transmit_to_edge,synthetic_fallback
237,29.3,30.9,5.0,0.21,99.0,42.5,242.3,6.0,60.6,17.0,provided,1,1,Moderate,0.35,5.640159571160261,17.0,1,transmit_to_edge,synthetic_fallback
238,29.9,41.5,13.9,0.05,98.7,61.1,219.2,10.9,57.5,25.3,provided,2,2,High,0.55,3.1811399988150706,25.3,1,transmit_to_edge,synthetic_fallback
239,18.4,5.8,7.0,0.32,99.0,65.9,194.6,8.1,52.8,19.6,provided,1,1,Moderate,0.35,5.640159571160261,19.6,1,transmit_to_edge,synthetic_fallback
240,26.3,20.2,16.0,0.29,96.0,66.8,240.4,14.4,59.5,31.2,provided,2,2,High,0.55,3.1811399988150706,31.2,1,transmit_to_edge,synthetic_fallback
241,35.9,42.9,10.3,0.2,92.6,71.0,260.8,9.4,69.2,25.2,provided,2,2,High,0.55,3.1811399988150706,25.2,1,transmit_to_edge,synthetic_fallback
242,29.3,55.3,17.7,0.61,97.2,37.3,144.3,10.5,42.1,21.1,provided,1,1,Moderate,0.35,5.640159571160261,21.1,1,transmit_to_edge,synthetic_fallback
243,30.6,47.9,20.2,0.32,99.0,43.5,243.3,14.1,47.7,27.5,provided,2,2,High,0.55,3.1811399988150706,27.5,1,transmit_to_edge,synthetic_fallback
244,27.7,13.0,7.1,0.52,99.0,62.7,214.1,6.7,63.5,18.8,provided,1,1,Moderate,0.35,5.640159571160261,18.8,1,transmit_to_edge,synthetic_fallback
245,39.2,41.8,11.3,0.01,99.0,86.7,207.0,8.1,80.7,24.5,provided,2,2,High,0.55,3.1811399988150706,24.5,1,transmit_to_edge,synthetic_fallback
246,29.8,69.6,10.4,1.61,76.3,35.5,62.5,11.4,17.1,14.4,provided,1,1,Moderate,0.35,5.640159571160261,14.4,1,transmit_to_edge,synthetic_fallback
247,12.4,64.2,22.2,2.53,53.9,0.0,0.0,6.6,0.0,2.0,provided,0,0,Low,0.2,10.0,2.0,0,local_low_no_transmit,synthetic_fallback
248,24.5,50.3,28.9,0.89,97.3,57.8,120.5,12.9,37.4,23.0,provided,2,2,High,0.55,3.1811399988150706,23.0,1,transmit_to_edge,synthetic_fallback
249,14.2,32.5,23.0,1.72,82.6,27.4,156.3,10.8,28.1,17.7,provided,1,1,Moderate,0.35,5.640159571160261,17.7,1,transmit_to_edge,synthetic_fallback
250,10.0,65.9,14.6,0.25,66.4,21.2,25.3,5.7,27.0,10.5,provided,0,0,Low,0.2,10.0,10.5,0,local_low_no_transmit,synthetic_fallback
251,25.8,39.3,27.3,0.23,99.0,65.2,226.4,9.3,61.3,23.4,provided,2,2,High,0.55,3.1811399988150706,23.4,1,transmit_to_edge,synthetic_fallback
252,40.7,26.3,6.4,1.33,99.0,70.9,311.1,8.9,56.6,21.8,provided,2,2,High,0.55,3.1811399988150706,21.8,1,transmit_to_edge,synthetic_fallback
253,30.4,34.4,27.5,2.54,96.0,61.6,239.7,10.7,52.2,23.8,provided,2,2,High,0.55,3.1811399988150706,23.8,1,transmit_to_edge,synthetic_fallback
254,20.6,83.9,12.4,0.15,71.2,3.8,33.1,6.5,12.8,7.9,provided,0,0,Low,0.2,10.0,7.9,0,local_low_no_transmit,synthetic_fallback
255,22.5,56.8,1.0,0.23,69.5,17.8,151.2,3.1,16.6,4.4,provided,0,0,Low,0.2,10.0,4.4,0,local_low_no_transmit,synthetic_fallback
256,39.0,77.5,35.6,0.02,99.0,48.0,239.5,14.5,44.9,27.4,provided,2,2,High,0.55,3.1811399988150706,27.4,1,transmit_to_edge,synthetic_fallback
257,31.3,41.5,28.0,2.86,99.0,50.4,175.8,10.2,45.9,21.6,provided,2,2,High,0.55,3.1811399988150706,21.6,1,transmit_to_edge,synthetic_fallback
258,30.4,72.6,9.8,0.42,77.1,32.6,140.7,7.3,15.2,9.6,provided,0,0,Low,0.2,10.0,9.6,0,local_low_no_transmit,synthetic_fallback
259,29.6,38.8,18.2,0.01,98.8,63.3,181.6,16.4,58.4,33.7,provided,2,2,High,0.55,3.1811399988150706,33.7,1,transmit_to_edge,synthetic_fallback
260,30.3,48.5,15.5,0.97,95.6,45.0,152.6,11.1,41.3,21.8,provided,2,2,High,0.55,3.1811399988150706,21.8,1,transmit_to_edge,synthetic_fallback
261,36.4,98.0,17.7,1.1,80.6,38.9,91.8,11.0,35.5,20.0,provided,1,1,Moderate,0.35,5.640159571160261,20.0,1,transmit_to_edge,synthetic_fallback
262,34.4,68.9,6.6,0.01,91.1,40.3,185.5,3.7,29.6,7.6,provided,0,0,Low,0.2,10.0,7.6,0,local_low_no_transmit,synthetic_fallback
263,31.7,41.0,12.2,1.13,83.5,46.8,183.8,7.6,35.4,15.3,provided,1,1,Moderate,0.35,5.640159571160261,15.3,1,transmit_to_edge,synthetic_fallback
264,21.7,50.1,20.3,0.19,88.6,54.2,150.1,8.5,39.6,17.6,provided,1,1,Moderate,0.35,5.640159571160261,17.6,1,transmit_to_edge,synthetic_fallback
265,34.1,59.2,18.6,0.69,84.9,66.3,224.2,11.8,58.7,27.0,provided,2,2,High,0.55,3.1811399988150706,27.0,1,transmit_to_edge,synthetic_fallback
266,24.5,78.6,25.4,0.6,70.7,29.2,149.5,11.0,28.7,18.1,provided,1,1,Moderate,0.35,5.640159571160261,18.1,1,transmit_to_edge,synthetic_fallback
267,38.8,41.2,17.6,0.81,99.0,54.3,284.7,10.5,53.6,23.9,provided,2,2,High,0.55,3.1811399988150706,23.9,1,transmit_to_edge,synthetic_fallback
268,19.8,13.7,33.4,0.64,99.0,62.5,291.2,15.4,72.6,36.0,provided,2,2,High,0.55,3.1811399988150706,36.0,1,transmit_to_edge,synthetic_fallback
269,28.9,45.8,12.0,0.03,98.2,60.3,183.2,7.8,60.8,20.6,provided,1,1,Moderate,0.35,5.640159571160261,20.6,1,transmit_to_edge,synthetic_fallback
270,29.9,52.3,18.8,0.06,99.0,55.1,189.3,8.0,41.6,17.1,provided,1,1,Moderate,0.35,5.640159571160261,17.1,1,transmit_to_edge,synthetic_fallback
271,19.4,54.4,3.6,2.82,66.8,19.8,37.0,4.3,10.0,4.6,provided,0,0,Low,0.2,10.0,4.6,0,local_low_no_transmit,synthetic_fallback
272,43.8,81.0,8.2,0.25,95.8,37.5,176.7,4.6,48.9,12.2,provided,1,1,Moderate,0.35,5.640159571160261,12.2,1,transmit_to_edge,synthetic_fallback
273,41.7,59.0,26.3,0.91,96.7,75.0,227.9,10.5,60.0,25.2,provided,2,2,High,0.55,3.1811399988150706,25.2,1,transmit_to_edge,synthetic_fallback
274,26.3,69.9,10.4,0.51,72.9,21.3,163.8,6.2,34.9,13.0,provided,1,1,Moderate,0.35,5.640159571160261,13.0,1,transmit_to_edge,synthetic_fallback
275,36.2,27.8,20.7,0.41,99.0,95.1,285.5,10.1,91.9,30.5,provided,2,2,High,0.55,3.1811399988150706,30.5,1,transmit_to_edge,synthetic_fallback
276,33.0,71.1,16.6,1.64,76.9,32.2,90.8,9.0,22.2,13.6,provided,1,1,Moderate,0.35,5.640159571160261,13.6,1,transmit_to_edge,synthetic_fallback
277,10.0,98.0,9.7,1.18,36.0,14.3,42.1,6.5,9.8,6.9,provided,0,0,Low,0.2,10.0,6.9,0,local_low_no_transmit,synthetic_fallback
278,32.0,69.0,14.6,0.26,82.1,36.1,221.7,9.4,37.6,18.4,provided,1,1,Moderate,0.35,5.640159571160261,18.4,1,transmit_to_edge,synthetic_fallback
279,29.5,57.6,13.4,0.15,87.4,32.5,174.2,9.3,24.8,14.8,provided,1,1,Moderate,0.35,5.640159571160261,14.8,1,transmit_to_edge,synthetic_fallback
280,30.7,55.4,13.6,0.23,84.5,38.6,225.1,8.8,30.9,15.8,provided,1,1,Moderate,0.35,5.640159571160261,15.8,1,transmit_to_edge,synthetic_fallback
281,21.4,91.3,22.3,0.63,56.7,3.1,27.4,11.6,0.6,5.0,provided,0,0,Low,0.2,10.0,5.0,0,local_low_no_transmit,synthetic_fallback
282,27.8,31.6,21.6,0.17,93.1,56.6,223.8,7.7,57.2,19.8,provided,1,1,Moderate,0.35,5.640159571160261,19.8,1,transmit_to_edge,synthetic_fallback
283,28.6,49.6,13.0,0.01,94.5,63.7,164.6,10.0,47.8,21.8,provided,2,2,High,0.55,3.1811399988150706,21.8,1,transmit_to_edge,synthetic_fallback
284,39.5,62.1,10.7,0.08,97.3,73.4,212.4,6.5,58.9,17.8,provided,1,1,Moderate,0.35,5.640159571160261,17.8,1,transmit_to_edge,synthetic_fallback
285,32.7,68.4,19.0,0.18,95.2,50.1,238.2,8.4,43.3,18.1,provided,1,1,Moderate,0.35,5.640159571160261,18.1,1,transmit_to_edge,synthetic_fallback
286,30.0,42.4,16.3,0.87,99.0,43.9,157.2,10.0,27.2,16.4,provided,1,1,Moderate,0.35,5.640159571160261,16.4,1,transmit_to_edge,synthetic_fallback
287,42.2,58.8,24.2,0.58,99.0,69.6,311.9,11.9,76.0,30.9,provided,2,2,High,0.55,3.1811399988150706,30.9,1,transmit_to_edge,synthetic_fallback
288,25.6,45.9,35.6,0.09,99.0,54.1,185.6,17.9,27.7,25.2,provided,2,2,High,0.55,3.1811399988150706,25.2,1,transmit_to_edge,synthetic_fallback
289,26.9,54.7,22.9,0.22,81.4,63.4,171.2,14.0,46.4,27.1,provided,2,2,High,0.55,3.1811399988150706,27.1,1,transmit_to_edge,synthetic_fallback
290,15.5,49.1,16.8,0.55,89.9,29.9,132.3,4.7,32.0,9.9,provided,0,0,Low,0.2,10.0,9.9,0,local_low_no_transmit,synthetic_fallback
291,42.6,26.9,15.8,0.87,99.0,92.2,333.4,9.7,68.9,25.6,provided,2,2,High,0.55,3.1811399988150706,25.6,1,transmit_to_edge,synthetic_fallback
292,37.7,51.5,11.0,2.87,84.7,38.4,166.7,10.6,39.9,20.8,provided,1,1,Moderate,0.35,5.640159571160261,20.8,1,transmit_to_edge,synthetic_fallback
293,37.3,71.3,10.7,0.31,82.3,27.6,117.5,9.5,35.2,18.0,provided,1,1,Moderate,0.35,5.640159571160261,18.0,1,transmit_to_edge,synthetic_fallback
294,35.4,30.7,10.0,0.49,99.0,63.9,270.1,11.4,51.0,24.6,provided,2,2,High,0.55,3.1811399988150706,24.6,1,transmit_to_edge,synthetic_fallback
295,30.9,46.7,14.2,0.6,81.9,42.6,160.3,8.8,39.1,17.9,provided,1,1,Moderate,0.35,5.640159571160261,17.9,1,transmit_to_edge,synthetic_fallback
296,31.7,66.6,14.0,0.93,78.7,41.8,232.2,5.0,32.4,10.3,provided,0,0,Low,0.2,10.0,10.3,0,local_low_no_transmit,synthetic_fallback
297,28.0,28.5,22.2,0.8,99.0,65.6,225.9,9.5,60.4,23.5,provided,2,2,High,0.55,3.1811399988150706,23.5,1,transmit_to_edge,synthetic_fallback
298,28.4,56.0,14.2,0.24,88.4,37.4,174.1,10.7,35.6,19.7,provided,1,1,Moderate,0.35,5.640159571160261,19.7,1,transmit_to_edge,synthetic_fallback
299,30.4,28.7,15.6,0.95,96.5,60.0,190.8,11.7,52.3,25.4,provided,2,2,High,0.55,3.1811399988150706,25.4,1,transmit_to_edge,synthetic_fallback
300,42.1,77.0,8.5,0.04,98.3,68.6,176.4,6.4,66.2,18.6,provided,1,1,Moderate,0.35,5.640159571160261,18.6,1,transmit_to_edge,synthetic_fallback
301,34.4,98.0,28.5,0.53,73.1,22.1,74.9,12.1,22.8,17.3,provided,1,1,Moderate,0.35,5.640159571160261,17.3,1,transmit_to_edge,synthetic_fallback
302,29.5,96.5,20.5,0.18,75.2,13.2,122.5,11.0,26.9,17.5,provided,1,1,Moderate,0.35,5.640159571160261,17.5,1,transmit_to_edge,synthetic_fallback
303,25.4,47.2,29.5,0.93,87.5,47.3,172.7,9.7,46.4,21.0,provided,1,1,Moderate,0.35,5.640159571160261,21.0,1,transmit_to_edge,synthetic_fallback
304,24.9,68.3,22.6,0.29,76.2,27.9,150.7,10.3,17.7,13.6,provided,1,1,Moderate,0.35,5.640159571160261,13.6,1,transmit_to_edge,synthetic_fallback
305,42.8,54.7,27.4,0.24,99.0,75.0,259.8,17.5,66.6,37.5,provided,2,2,High,0.55,3.1811399988150706,37.5,1,transmit_to_edge,synthetic_fallback
306,34.1,54.2,15.3,0.57,87.7,60.0,181.8,14.0,54.0,29.3,provided,2,2,High,0.55,3.1811399988150706,29.3,1,transmit_to_edge,synthetic_fallback
307,30.5,86.1,22.0,0.57,89.3,46.7,157.4,11.2,28.4,18.3,provided,1,1,Moderate,0.35,5.640159571160261,18.3,1,transmit_to_edge,synthetic_fallback
308,27.2,23.0,35.9,0.4,99.0,60.3,245.9,20.6,64.8,41.1,provided,3,3,Very High,0.75,1.7942137211517566,41.1,1,transmit_to_edge,synthetic_fallback
309,21.1,75.2,8.4,0.74,78.7,11.5,0.0,5.3,8.2,5.2,provided,0,0,Low,0.2,10.0,5.2,0,local_low_no_transmit,synthetic_fallback
310,29.5,50.9,25.2,1.75,81.2,45.6,180.8,9.6,43.6,20.1,provided,1,1,Moderate,0.35,5.640159571160261,20.1,1,transmit_to_edge,synthetic_fallback
311,37.0,83.0,28.9,0.6,92.2,45.7,131.4,8.9,30.6,15.9,provided,1,1,Moderate,0.35,5.640159571160261,15.9,1,transmit_to_edge,synthetic_fallback
312,26.9,56.1,19.9,0.93,77.6,38.6,135.0,12.1,33.9,21.0,provided,1,1,Moderate,0.35,5.640159571160261,21.0,1,transmit_to_edge,synthetic_fallback
313,28.2,37.2,22.4,2.64,79.0,40.7,194.7,9.0,40.7,18.5,provided,1,1,Moderate,0.35,5.640159571160261,18.5,1,transmit_to_edge,synthetic_fallback
314,28.2,58.1,26.0,1.46,85.8,50.6,122.0,17.2,37.8,28.2,provided,2,2,High,0.55,3.1811399988150706,28.2,1,transmit_to_edge,synthetic_fallback
315,30.9,68.2,12.3,0.6,86.8,32.5,169.7,9.0,32.1,16.4,provided,1,1,Moderate,0.35,5.640159571160261,16.4,1,transmit_to_edge,synthetic_fallback
316,17.3,52.8,19.9,0.65,69.5,26.9,84.2,10.1,5.7,8.0,provided,0,0,Low,0.2,10.0,8.0,0,local_low_no_transmit,synthetic_fallback
317,28.1,62.7,10.8,1.47,84.4,28.4,161.1,3.1,39.2,7.7,provided,0,0,Low,0.2,10.0,7.7,0,local_low_no_transmit,synthetic_fallback
318,23.2,40.5,12.2,0.23,83.7,47.5,217.1,11.5,35.1,20.6,provided,1,1,Moderate,0.35,5.640159571160261,20.6,1,transmit_to_edge,synthetic_fallback
319,37.1,5.1,12.6,2.62,99.0,75.9,261.4,7.0,47.7,16.7,provided,1,1,Moderate,0.35,5.640159571160261,16.7,1,transmit_to_edge,synthetic_fallback
320,23.8,71.8,16.0,0.04,79.7,38.7,102.5,9.0,23.8,14.1,provided,1,1,Moderate,0.35,5.640159571160261,14.1,1,transmit_to_edge,synthetic_fallback
321,34.6,67.4,18.0,0.41,93.7,49.0,150.8,5.7,34.4,12.0,provided,1,1,Moderate,0.35,5.640159571160261,12.0,1,transmit_to_edge,synthetic_fallback
322,42.2,55.3,20.2,0.73,92.3,71.6,258.2,13.0,66.5,30.8,provided,2,2,High,0.55,3.1811399988150706,30.8,1,transmit_to_edge,synthetic_fallback
323,27.5,53.5,6.8,1.0,91.4,35.0,173.7,8.7,26.0,14.4,provided,1,1,Moderate,0.35,5.640159571160261,14.4,1,transmit_to_edge,synthetic_fallback
324,25.2,74.8,31.2,0.09,86.0,27.0,88.0,13.2,25.3,19.4,provided,1,1,Moderate,0.35,5.640159571160261,19.4,1,transmit_to_edge,synthetic_fallback
325,31.5,41.9,25.3,1.28,93.8,50.7,246.3,12.6,40.2,23.4,provided,2,2,High,0.55,3.1811399988150706,23.4,1,transmit_to_edge,synthetic_fallback
326,30.0,36.5,22.2,0.68,93.0,52.9,182.8,12.5,63.1,29.3,provided,2,2,High,0.55,3.1811399988150706,29.3,1,transmit_to_edge,synthetic_fallback
327,22.1,47.9,14.4,0.51,73.2,40.1,112.5,10.3,37.3,19.6,provided,1,1,Moderate,0.35,5.640159571160261,19.6,1,transmit_to_edge,synthetic_fallback
328,33.7,78.2,16.4,0.45,75.3,31.3,80.6,9.2,41.0,18.9,provided,1,1,Moderate,0.35,5.640159571160261,18.9,1,transmit_to_edge,synthetic_fallback
329,46.1,21.5,20.9,0.14,99.0,95.5,449.8,15.7,81.1,38.4,provided,3,3,Very High,0.75,1.7942137211517566,38.4,1,transmit_to_edge,synthetic_fallback
330,27.9,78.2,20.0,0.04,78.4,35.9,128.6,10.0,36.5,19.0,provided,1,1,Moderate,0.35,5.640159571160261,19.0,1,transmit_to_edge,synthetic_fallback
331,28.4,37.9,5.0,0.88,82.8,53.5,185.6,4.2,38.4,9.8,provided,0,0,Low,0.2,10.0,9.8,0,local_low_no_transmit,synthetic_fallback
332,21.6,27.8,22.3,1.25,87.9,32.8,160.9,10.1,35.8,18.9,provided,1,1,Moderate,0.35,5.640159571160261,18.9,1,transmit_to_edge,synthetic_fallback
333,32.6,79.7,37.9,0.68,97.3,62.4,205.0,11.4,58.4,26.3,provided,2,2,High,0.55,3.1811399988150706,26.3,1,transmit_to_edge,synthetic_fallback
334,20.0,49.9,3.7,0.03,76.9,31.4,44.4,3.5,10.4,3.8,provided,0,0,Low,0.2,10.0,3.8,0,local_low_no_transmit,synthetic_fallback
335,21.1,23.4,24.1,2.29,84.4,44.3,168.2,13.1,30.0,20.9,provided,1,1,Moderate,0.35,5.640159571160261,20.9,1,transmit_to_edge,synthetic_fallback
336,40.2,44.1,19.6,0.55,99.0,86.2,348.1,11.9,67.7,29.2,provided,2,2,High,0.55,3.1811399988150706,29.2,1,transmit_to_edge,synthetic_fallback
337,22.8,72.5,16.2,1.38,72.1,16.4,52.0,6.4,1.9,3.4,provided,0,0,Low,0.2,10.0,3.4,0,local_low_no_transmit,synthetic_fallback
338,38.7,78.2,26.8,4.17,74.3,17.2,91.8,10.8,11.0,11.3,provided,1,1,Moderate,0.35,5.640159571160261,11.3,1,transmit_to_edge,synthetic_fallback
339,42.2,42.6,8.5,0.03,99.0,99.9,302.7,3.6,75.5,12.9,provided,1,1,Moderate,0.35,5.640159571160261,12.9,1,transmit_to_edge,synthetic_fallback
340,32.1,60.9,18.2,0.19,82.1,40.4,158.5,9.5,24.3,14.8,provided,1,1,Moderate,0.35,5.640159571160261,14.8,1,transmit_to_edge,synthetic_fallback
341,34.4,67.7,27.5,1.41,81.1,44.8,169.4,13.4,40.2,24.6,provided,2,2,High,0.55,3.1811399988150706,24.6,1,transmit_to_edge,synthetic_fallback
342,45.6,37.8,15.6,1.16,99.0,90.8,328.0,11.2,83.2,31.0,provided,2,2,High,0.55,3.1811399988150706,31.0,1,transmit_to_edge,synthetic_fallback
343,28.4,59.8,14.0,0.8,82.1,27.5,149.5,6.7,16.5,9.2,provided,0,0,Low,0.2,10.0,9.2,0,local_low_no_transmit,synthetic_fallback
344,25.3,51.3,17.8,1.68,82.8,32.9,140.7,11.1,25.5,17.2,provided,1,1,Moderate,0.35,5.640159571160261,17.2,1,transmit_to_edge,synthetic_fallback
345,19.2,40.2,13.8,1.36,82.5,35.4,107.3,12.1,29.6,19.7,provided,1,1,Moderate,0.35,5.640159571160261,19.7,1,transmit_to_edge,synthetic_fallback
346,30.3,41.2,28.1,0.27,99.0,91.2,253.2,13.2,72.7,32.5,provided,2,2,High,0.55,3.1811399988150706,32.5,1,transmit_to_edge,synthetic_fallback
347,41.8,53.5,10.5,0.87,99.0,54.9,232.7,9.8,44.2,20.6,provided,1,1,Moderate,0.35,5.640159571160261,20.6,1,transmit_to_edge,synthetic_fallback
348,37.7,52.7,23.3,0.78,94.1,64.6,285.9,8.6,65.7,23.0,provided,2,2,High,0.55,3.1811399988150706,23.0,1,transmit_to_edge,synthetic_fallback
349,22.5,39.6,8.0,0.23,73.8,50.2,186.4,2.0,50.7,6.2,provided,0,0,Low,0.2,10.0,6.2,0,local_low_no_transmit,synthetic_fallback
350,23.2,42.6,21.8,0.69,85.5,47.4,162.8,12.5,46.1,25.0,provided,2,2,High,0.55,3.1811399988150706,25.0,1,transmit_to_edge,synthetic_fallback
351,26.0,76.5,16.2,0.1,71.7,16.7,24.4,9.1,10.8,9.6,provided,0,0,Low,0.2,10.0,9.6,0,local_low_no_transmit,synthetic_fallback
352,32.3,56.7,1.0,0.27,83.3,48.4,188.7,5.1,58.8,14.7,provided,1,1,Moderate,0.35,5.640159571160261,14.7,1,transmit_to_edge,synthetic_fallback
353,28.4,71.5,17.0,0.38,79.6,35.8,157.0,8.2,46.7,18.6,provided,1,1,Moderate,0.35,5.640159571160261,18.6,1,transmit_to_edge,synthetic_fallback
354,31.7,78.4,9.3,0.14,72.8,37.7,93.5,6.1,27.0,11.1,provided,0,0,Low,0.2,10.0,11.1,0,local_low_no_transmit,synthetic_fallback
355,32.4,65.0,13.8,0.67,79.4,53.7,87.1,10.0,39.3,19.8,provided,1,1,Moderate,0.35,5.640159571160261,19.8,1,transmit_to_edge,synthetic_fallback
356,27.6,98.0,28.1,0.08,73.2,33.1,50.2,16.6,34.1,26.3,provided,2,2,High,0.55,3.1811399988150706,26.3,1,transmit_to_edge,synthetic_fallback
357,29.7,33.8,9.0,0.18,98.5,65.4,254.3,7.6,51.4,18.5,provided,1,1,Moderate,0.35,5.640159571160261,18.5,1,transmit_to_edge,synthetic_fallback
358,31.7,69.8,9.4,0.76,77.1,37.6,92.4,3.0,33.2,6.8,provided,0,0,Low,0.2,10.0,6.8,0,local_low_no_transmit,synthetic_fallback
359,29.3,45.0,27.4,2.28,91.3,35.2,153.8,15.1,32.6,24.1,provided,2,2,High,0.55,3.1811399988150706,24.1,1,transmit_to_edge,synthetic_fallback
360,34.0,92.8,17.8,0.01,78.7,31.4,131.7,11.2,22.8,16.4,provided,1,1,Moderate,0.35,5.640159571160261,16.4,1,transmit_to_edge,synthetic_fallback
361,45.0,89.4,28.1,0.47,88.8,58.8,248.6,15.0,51.4,29.8,provided,2,2,High,0.55,3.1811399988150706,29.8,1,transmit_to_edge,synthetic_fallback
362,34.7,9.0,19.3,0.37,99.0,88.3,328.0,11.7,64.6,28.2,provided,2,2,High,0.55,3.1811399988150706,28.2,1,transmit_to_edge,synthetic_fallback
363,30.4,30.7,10.7,0.02,99.0,68.1,238.4,13.8,54.3,29.0,provided,2,2,High,0.55,3.1811399988150706,29.0,1,transmit_to_edge,synthetic_fallback
364,16.5,66.6,16.5,0.18,67.2,10.5,56.6,8.9,0.0,3.0,provided,0,0,Low,0.2,10.0,3.0,0,local_low_no_transmit,synthetic_fallback
365,33.1,69.4,25.8,2.09,89.0,51.3,191.9,12.9,63.2,29.9,provided,2,2,High,0.55,3.1811399988150706,29.9,1,transmit_to_edge,synthetic_fallback
366,14.4,68.2,23.8,0.12,79.3,40.0,112.2,7.7,44.9,17.4,provided,1,1,Moderate,0.35,5.640159571160261,17.4,1,transmit_to_edge,synthetic_fallback
367,18.7,50.4,17.0,3.03,75.8,7.9,48.3,6.4,17.9,9.3,provided,0,0,Low,0.2,10.0,9.3,0,local_low_no_transmit,synthetic_fallback
368,36.8,62.0,17.4,0.71,88.3,58.0,148.1,8.4,49.1,19.4,provided,1,1,Moderate,0.35,5.640159571160261,19.4,1,transmit_to_edge,synthetic_fallback
369,35.6,66.4,16.2,0.19,99.0,50.0,163.6,10.3,50.4,22.9,provided,2,2,High,0.55,3.1811399988150706,22.9,1,transmit_to_edge,synthetic_fallback
370,28.8,50.3,12.8,1.41,85.3,52.8,169.7,8.6,54.8,20.9,provided,1,1,Moderate,0.35,5.640159571160261,20.9,1,transmit_to_edge,synthetic_fallback
371,16.3,74.6,30.9,2.76,58.0,8.3,0.0,9.7,13.6,11.4,provided,1,1,Moderate,0.35,5.640159571160261,11.4,1,transmit_to_edge,synthetic_fallback
372,27.0,5.0,17.1,5.34,83.5,41.4,182.2,10.5,45.3,22.0,provided,2,2,High,0.55,3.1811399988150706,22.0,1,transmit_to_edge,synthetic_fallback
373,24.6,65.9,8.9,0.2,81.2,26.7,123.4,4.7,17.5,7.0,provided,0,0,Low,0.2,10.0,7.0,0,local_low_no_transmit,synthetic_fallback
374,35.1,29.3,13.6,0.04,99.0,79.1,289.0,8.7,72.2,24.2,provided,2,2,High,0.55,3.1811399988150706,24.2,1,transmit_to_edge,synthetic_fallback
375,48.1,73.1,22.2,1.44,97.6,52.7,249.7,12.0,45.0,24.0,provided,2,2,High,0.55,3.1811399988150706,24.0,1,transmit_to_edge,synthetic_fallback
376,31.7,47.0,21.6,1.52,99.0,58.6,206.7,8.6,41.1,18.0,provided,1,1,Moderate,0.35,5.640159571160261,18.0,1,transmit_to_edge,synthetic_fallback
377,23.8,32.4,16.0,0.15,90.2,48.9,174.0,11.1,33.1,19.6,provided,1,1,Moderate,0.35,5.640159571160261,19.6,1,transmit_to_edge,synthetic_fallback
378,20.6,60.2,12.2,0.08,71.3,34.3,99.4,9.1,31.7,16.4,provided,1,1,Moderate,0.35,5.640159571160261,16.4,1,transmit_to_edge,synthetic_fallback
379,29.6,32.0,17.2,1.22,99.0,60.0,295.0,9.5,65.2,24.5,provided,2,2,High,0.55,3.1811399988150706,24.5,1,transmit_to_edge,synthetic_fallback
380,28.6,31.9,5.0,0.3,99.0,68.5,166.9,10.9,43.7,22.1,provided,2,2,High,0.55,3.1811399988150706,22.1,1,transmit_to_edge,synthetic_fallback
381,20.8,17.5,7.6,0.52,99.0,53.7,179.9,7.6,59.7,20.1,provided,1,1,Moderate,0.35,5.640159571160261,20.1,1,transmit_to_edge,synthetic_fallback
382,30.9,51.4,22.7,0.37,88.7,67.2,244.5,12.4,70.2,30.7,provided,2,2,High,0.55,3.1811399988150706,30.7,1,transmit_to_edge,synthetic_fallback
383,20.8,62.9,13.6,0.42,81.8,16.1,92.8,6.4,13.0,7.8,provided,0,0,Low,0.2,10.0,7.8,0,local_low_no_transmit,synthetic_fallback
384,38.9,74.5,19.7,0.41,95.2,58.5,163.0,7.5,44.1,16.9,provided,1,1,Moderate,0.35,5.640159571160261,16.9,1,transmit_to_edge,synthetic_fallback
385,38.5,48.9,25.8,0.18,99.0,73.2,224.2,12.1,60.5,27.9,provided,2,2,High,0.55,3.1811399988150706,27.9,1,transmit_to_edge,synthetic_fallback
386,38.7,75.1,21.7,0.07,86.7,57.4,220.7,10.8,58.4,25.5,provided,2,2,High,0.55,3.1811399988150706,25.5,1,transmit_to_edge,synthetic_fallback
387,26.2,52.4,17.1,2.58,77.8,27.9,140.3,7.1,23.5,11.6,provided,1,1,Moderate,0.35,5.640159571160261,11.6,1,transmit_to_edge,synthetic_fallback
388,34.1,49.9,32.3,0.01,99.0,81.3,307.6,17.4,62.5,36.2,provided,2,2,High,0.55,3.1811399988150706,36.2,1,transmit_to_edge,synthetic_fallback
389,28.9,64.6,21.8,0.98,74.1,18.4,146.0,5.1,23.5,8.8,provided,0,0,Low,0.2,10.0,8.8,0,local_low_no_transmit,synthetic_fallback
390,26.9,75.3,14.4,1.42,67.5,23.0,115.6,4.9,5.4,3.8,provided,0,0,Low,0.2,10.0,3.8,0,local_low_no_transmit,synthetic_fallback
391,27.3,44.5,22.3,1.23,96.6,33.5,141.7,7.6,31.4,14.2,provided,1,1,Moderate,0.35,5.640159571160261,14.2,1,transmit_to_edge,synthetic_fallback
392,19.6,46.6,19.9,0.28,81.5,51.7,153.5,13.5,52.1,28.0,provided,2,2,High,0.55,3.1811399988150706,28.0,1,transmit_to_edge,synthetic_fallback
393,18.4,48.5,10.8,0.44,73.9,10.2,90.4,5.9,14.5,7.7,provided,0,0,Low,0.2,10.0,7.7,0,local_low_no_transmit,synthetic_fallback
394,36.4,53.8,17.5,0.78,99.0,48.6,219.1,9.3,51.0,21.4,provided,2,2,High,0.55,3.1811399988150706,21.4,1,transmit_to_edge,synthetic_fallback
395,28.5,32.2,15.8,0.75,99.0,42.9,242.5,7.5,46.4,17.4,provided,1,1,Moderate,0.35,5.640159571160261,17.4,1,transmit_to_edge,synthetic_fallback
396,31.7,74.6,2.8,0.4,84.4,46.8,153.1,7.2,45.4,16.6,provided,1,1,Moderate,0.35,5.640159571160261,16.6,1,transmit_to_edge,synthetic_fallback
397,38.0,43.2,15.8,0.26,99.0,59.5,225.3,9.3,53.3,21.8,provided,2,2,High,0.55,3.1811399988150706,21.8,1,transmit_to_edge,synthetic_fallback
398,16.1,62.2,15.0,1.84,63.6,8.3,80.1,7.6,3.5,5.1,provided,0,0,Low,0.2,10.0,5.1,0,local_low_no_transmit,synthetic_fallback
399,23.7,33.8,13.8,1.26,93.7,39.5,149.0,4.2,32.8,9.1,provided,0,0,Low,0.2,10.0,9.1,0,local_low_no_transmit,synthetic_fallback
400,31.4,59.9,5.2,0.32,82.0,24.3,120.7,8.4,22.4,13.0,provided,1,1,Moderate,0.35,5.640159571160261,13.0,1,transmit_to_edge,synthetic_fallback
401,33.1,60.6,14.4,0.24,86.7,47.3,179.6,10.0,51.6,22.6,provided,2,2,High,0.55,3.1811399988150706,22.6,1,transmit_to_edge,synthetic_fallback
402,27.0,42.7,16.7,0.57,96.6,58.0,136.7,11.4,58.9,26.5,provided,2,2,High,0.55,3.1811399988150706,26.5,1,transmit_to_edge,synthetic_fallback
403,38.2,96.5,17.7,1.66,84.1,22.5,95.2,11.9,23.7,17.4,provided,1,1,Moderate,0.35,5.640159571160261,17.4,1,transmit_to_edge,synthetic_fallback
404,31.7,60.2,8.8,0.37,80.3,53.7,173.7,6.5,39.3,14.2,provided,1,1,Moderate,0.35,5.640159571160261,14.2,1,transmit_to_edge,synthetic_fallback
405,20.3,91.1,21.6,2.72,37.9,0.4,18.0,6.9,0.0,2.1,provided,0,0,Low,0.2,10.0,2.1,0,local_low_no_transmit,synthetic_fallback
406,22.6,73.1,8.3,0.18,63.4,20.2,99.1,7.5,17.5,10.4,provided,0,0,Low,0.2,10.0,10.4,0,local_low_no_transmit,synthetic_fallback
407,36.4,37.4,15.4,0.85,96.5,65.0,237.0,10.6,67.6,26.9,provided,2,2,High,0.55,3.1811399988150706,26.9,1,transmit_to_edge,synthetic_fallback
408,33.7,43.6,26.4,0.07,99.0,75.5,259.0,13.2,67.3,31.2,provided,2,2,High,0.55,3.1811399988150706,31.2,1,transmit_to_edge,synthetic_fallback
409,14.8,61.6,12.0,0.42,72.5,33.9,12.2,7.6,22.4,11.9,provided,1,1,Moderate,0.35,5.640159571160261,11.9,1,transmit_to_edge,synthetic_fallback
410,40.8,53.3,13.3,0.07,99.0,73.7,253.6,8.4,57.0,21.1,provided,1,1,Moderate,0.35,5.640159571160261,21.1,1,transmit_to_edge,synthetic_fallback
411,34.8,53.1,24.7,0.3,95.5,66.2,202.5,14.5,62.3,32.0,provided,2,2,High,0.55,3.1811399988150706,32.0,1,transmit_to_edge,synthetic_fallback
412,40.7,45.7,14.2,0.17,99.0,69.0,254.1,11.8,62.4,28.0,provided,2,2,High,0.55,3.1811399988150706,28.0,1,transmit_to_edge,synthetic_fallback
413,26.9,12.2,14.9,0.09,99.0,68.5,269.4,10.1,60.3,24.5,provided,2,2,High,0.55,3.1811399988150706,24.5,1,transmit_to_edge,synthetic_fallback
414,27.6,47.0,18.6,0.55,90.9,65.3,191.9,14.6,54.8,30.3,provided,2,2,High,0.55,3.1811399988150706,30.3,1,transmit_to_edge,synthetic_fallback
415,21.0,5.0,24.5,0.37,99.0,62.8,207.9,9.6,66.8,25.0,provided,2,2,High,0.55,3.1811399988150706,25.0,1,transmit_to_edge,synthetic_fallback
416,50.3,60.2,1.1,1.65,99.0,53.3,171.2,4.2,43.6,10.7,provided,0,0,Low,0.2,10.0,10.7,0,local_low_no_transmit,synthetic_fallback
417,28.6,36.0,11.0,0.1,99.0,58.7,205.7,12.6,64.0,29.5,provided,2,2,High,0.55,3.1811399988150706,29.5,1,transmit_to_edge,synthetic_fallback
418,42.7,36.3,9.8,0.47,99.0,76.3,304.8,7.2,77.8,22.2,provided,2,2,High,0.55,3.1811399988150706,22.2,1,transmit_to_edge,synthetic_fallback
419,24.8,47.2,9.2,1.24,75.3,54.4,143.5,2.7,44.4,7.4,provided,0,0,Low,0.2,10.0,7.4,0,local_low_no_transmit,synthetic_fallback
420,31.3,58.0,10.9,0.23,86.5,23.7,205.5,11.1,34.8,19.9,provided,1,1,Moderate,0.35,5.640159571160261,19.9,1,transmit_to_edge,synthetic_fallback
421,16.6,20.5,11.0,0.93,76.5,46.6,204.7,8.3,41.6,17.6,provided,1,1,Moderate,0.35,5.640159571160261,17.6,1,transmit_to_edge,synthetic_fallback
422,26.9,13.5,19.2,3.06,88.7,60.9,213.5,6.4,45.8,15.4,provided,1,1,Moderate,0.35,5.640159571160261,15.4,1,transmit_to_edge,synthetic_fallback
423,37.9,28.5,10.6,0.76,99.0,64.6,271.1,10.0,56.1,23.6,provided,2,2,High,0.55,3.1811399988150706,23.6,1,transmit_to_edge,synthetic_fallback
424,20.0,7.1,17.9,1.1,99.0,54.7,185.2,8.1,39.4,16.9,provided,1,1,Moderate,0.35,5.640159571160261,16.9,1,transmit_to_edge,synthetic_fallback
425,38.6,30.7,19.9,0.96,99.0,83.4,249.8,8.2,73.3,23.4,provided,2,2,High,0.55,3.1811399988150706,23.4,1,transmit_to_edge,synthetic_fallback
426,32.7,87.0,11.8,0.67,71.0,42.3,84.2,6.8,32.6,13.4,provided,1,1,Moderate,0.35,5.640159571160261,13.4,1,transmit_to_edge,synthetic_fallback
427,21.6,28.8,17.9,0.06,87.0,47.6,215.9,9.3,48.4,20.8,provided,1,1,Moderate,0.35,5.640159571160261,20.8,1,transmit_to_edge,synthetic_fallback
428,26.0,66.3,28.7,0.13,79.2,27.1,166.3,10.9,34.2,19.6,provided,1,1,Moderate,0.35,5.640159571160261,19.6,1,transmit_to_edge,synthetic_fallback
429,26.3,21.8,19.3,0.71,99.0,75.3,236.8,10.3,38.2,19.8,provided,1,1,Moderate,0.35,5.640159571160261,19.8,1,transmit_to_edge,synthetic_fallback
430,29.6,58.6,12.4,0.68,84.0,56.5,147.9,5.9,48.1,14.7,provided,1,1,Moderate,0.35,5.640159571160261,14.7,1,transmit_to_edge,synthetic_fallback
431,25.7,45.0,16.5,0.82,94.7,42.0,189.3,10.0,24.3,15.5,provided,1,1,Moderate,0.35,5.640159571160261,15.5,1,transmit_to_edge,synthetic_fallback
432,23.4,50.7,10.4,0.0,80.9,18.2,157.2,7.6,22.6,12.1,provided,1,1,Moderate,0.35,5.640159571160261,12.1,1,transmit_to_edge,synthetic_fallback
433,27.6,64.5,18.9,0.34,90.7,54.3,158.4,12.4,37.8,22.5,provided,2,2,High,0.55,3.1811399988150706,22.5,1,transmit_to_edge,synthetic_fallback
434,21.8,90.6,23.2,0.25,69.8,12.0,70.0,10.0,12.8,11.4,provided,1,1,Moderate,0.35,5.640159571160261,11.4,1,transmit_to_edge,synthetic_fallback
435,19.7,56.3,11.1,0.25,77.1,39.5,89.1,4.6,41.9,11.3,provided,1,1,Moderate,0.35,5.640159571160261,11.3,1,transmit_to_edge,synthetic_fallback
436,29.6,54.7,15.5,0.58,76.6,46.2,135.5,5.8,24.5,10.1,provided,0,0,Low,0.2,10.0,10.1,0,local_low_no_transmit,synthetic_fallback
437,37.1,30.6,25.0,1.46,98.8,71.6,287.4,11.9,65.3,28.7,provided,2,2,High,0.55,3.1811399988150706,28.7,1,transmit_to_edge,synthetic_fallback
438,17.8,64.8,13.4,0.26,76.4,15.3,94.1,11.6,15.0,13.8,provided,1,1,Moderate,0.35,5.640159571160261,13.8,1,transmit_to_edge,synthetic_fallback
439,30.0,46.6,18.3,0.62,99.0,69.2,190.7,12.7,41.3,23.9,provided,2,2,High,0.55,3.1811399988150706,23.9,1,transmit_to_edge,synthetic_fallback
440,24.8,70.3,9.7,0.09,78.0,41.9,91.5,5.8,37.9,12.8,provided,1,1,Moderate,0.35,5.640159571160261,12.8,1,transmit_to_edge,synthetic_fallback
441,22.2,51.0,11.1,0.18,87.2,15.6,218.0,10.2,23.5,15.5,provided,1,1,Moderate,0.35,5.640159571160261,15.5,1,transmit_to_edge,synthetic_fallback
442,36.8,90.3,13.3,1.73,71.6,13.9,64.8,4.5,8.9,4.6,provided,0,0,Low,0.2,10.0,4.6,0,local_low_no_transmit,synthetic_fallback
443,25.9,8.4,32.2,0.1,99.0,104.3,301.2,17.8,80.1,41.4,provided,3,3,Very High,0.75,1.7942137211517566,41.4,1,transmit_to_edge,synthetic_fallback
444,42.0,45.5,14.1,0.75,99.0,69.3,271.2,8.6,87.0,26.5,provided,2,2,High,0.55,3.1811399988150706,26.5,1,transmit_to_edge,synthetic_fallback
445,23.8,71.4,13.3,0.74,78.9,8.1,45.6,9.7,4.9,7.3,provided,0,0,Low,0.2,10.0,7.3,0,local_low_no_transmit,synthetic_fallback
446,33.1,44.3,13.1,0.79,97.3,57.2,212.0,10.3,35.5,19.2,provided,1,1,Moderate,0.35,5.640159571160261,19.2,1,transmit_to_edge,synthetic_fallback
447,28.2,34.6,15.8,1.14,92.0,53.2,260.8,8.7,42.8,18.6,provided,1,1,Moderate,0.35,5.640159571160261,18.6,1,transmit_to_edge,synthetic_fallback
448,24.0,46.2,21.6,0.12,88.7,49.0,215.6,12.3,41.8,23.6,provided,2,2,High,0.55,3.1811399988150706,23.6,1,transmit_to_edge,synthetic_fallback
449,34.7,21.6,18.3,0.18,99.0,79.4,322.7,8.7,67.9,23.6,provided,2,2,High,0.55,3.1811399988150706,23.6,1,transmit_to_edge,synthetic_fallback
450,28.8,54.6,31.4,0.8,94.1,49.2,211.8,14.5,44.1,27.1,provided,2,2,High,0.55,3.1811399988150706,27.1,1,transmit_to_edge,synthetic_fallback
451,34.8,98.0,18.5,0.11,73.3,25.5,118.4,12.2,15.3,14.4,provided,1,1,Moderate,0.35,5.640159571160261,14.4,1,transmit_to_edge,synthetic_fallback
452,29.6,77.2,27.1,0.17,95.0,43.6,183.2,22.7,43.7,36.5,provided,2,2,High,0.55,3.1811399988150706,36.5,1,transmit_to_edge,synthetic_fallback
453,21.3,27.6,18.9,0.81,93.3,43.5,183.2,12.2,35.4,21.5,provided,2,2,High,0.55,3.1811399988150706,21.5,1,transmit_to_edge,synthetic_fallback
454,29.2,32.8,21.2,0.74,99.0,60.6,214.9,11.9,41.4,22.9,provided,2,2,High,0.55,3.1811399988150706,22.9,1,transmit_to_edge,synthetic_fallback
455,30.4,43.1,6.9,0.11,99.0,53.9,204.9,5.2,40.8,12.3,provided,1,1,Moderate,0.35,5.640159571160261,12.3,1,transmit_to_edge,synthetic_fallback
456,37.7,74.1,16.1,0.02,97.9,64.7,220.5,12.8,52.2,27.0,provided,2,2,High,0.55,3.1811399988150706,27.0,1,transmit_to_edge,synthetic_fallback
457,22.7,33.9,16.5,0.64,90.0,53.3,193.3,6.1,53.0,16.0,provided,1,1,Moderate,0.35,5.640159571160261,16.0,1,transmit_to_edge,synthetic_fallback
458,29.7,36.8,15.3,0.18,99.0,61.6,250.4,8.4,58.9,21.3,provided,2,2,High,0.55,3.1811399988150706,21.3,1,transmit_to_edge,synthetic_fallback
459,16.2,71.5,1.9,0.71,54.6,9.4,0.0,3.9,3.4,2.3,provided,0,0,Low,0.2,10.0,2.3,0,local_low_no_transmit,synthetic_fallback
460,35.2,71.0,23.2,0.18,88.3,56.2,232.4,9.4,50.7,21.4,provided,2,2,High,0.55,3.1811399988150706,21.4,1,transmit_to_edge,synthetic_fallback
461,21.3,43.8,14.3,0.42,71.3,51.4,232.6,11.5,49.1,24.4,provided,2,2,High,0.55,3.1811399988150706,24.4,1,transmit_to_edge,synthetic_fallback
462,15.5,27.4,13.9,0.05,94.9,49.9,212.1,12.0,61.5,27.9,provided,2,2,High,0.55,3.1811399988150706,27.9,1,transmit_to_edge,synthetic_fallback
463,29.5,17.9,15.2,0.18,95.6,93.9,261.4,8.7,71.8,24.2,provided,2,2,High,0.55,3.1811399988150706,24.2,1,transmit_to_edge,synthetic_fallback
464,38.8,36.6,15.4,1.46,99.0,82.3,218.1,8.2,70.3,23.0,provided,2,2,High,0.55,3.1811399988150706,23.0,1,transmit_to_edge,synthetic_fallback
465,17.8,5.0,19.8,1.47,90.1,56.5,216.6,7.4,55.5,18.9,provided,1,1,Moderate,0.35,5.640159571160261,18.9,1,transmit_to_edge,synthetic_fallback
466,21.3,68.5,8.1,0.5,65.2,14.4,40.6,2.7,4.2,1.3,provided,0,0,Low,0.2,10.0,1.3,0,local_low_no_transmit,synthetic_fallback
467,24.1,38.1,10.5,0.75,86.2,53.4,190.0,8.5,47.7,19.3,provided,1,1,Moderate,0.35,5.640159571160261,19.3,1,transmit_to_edge,synthetic_fallback
468,21.0,62.6,19.0,0.47,79.0,33.8,91.2,11.4,28.7,18.6,provided,1,1,Moderate,0.35,5.640159571160261,18.6,1,transmit_to_edge,synthetic_fallback
469,33.0,93.1,18.0,0.52,80.0,26.0,137.4,10.5,21.4,15.1,provided,1,1,Moderate,0.35,5.640159571160261,15.1,1,transmit_to_edge,synthetic_fallback
470,23.5,77.8,14.4,0.2,83.7,6.9,133.5,9.6,17.0,12.6,provided,1,1,Moderate,0.35,5.640159571160261,12.6,1,transmit_to_edge,synthetic_fallback
471,24.2,26.7,13.0,0.48,97.1,38.4,135.2,7.9,41.3,16.9,provided,1,1,Moderate,0.35,5.640159571160261,16.9,1,transmit_to_edge,synthetic_fallback
472,34.7,71.1,11.2,0.03,93.3,49.2,178.5,9.4,51.7,21.6,provided,2,2,High,0.55,3.1811399988150706,21.6,1,transmit_to_edge,synthetic_fallback
473,24.0,77.5,16.6,0.01,71.8,33.1,74.2,5.9,24.5,10.2,provided,0,0,Low,0.2,10.0,10.2,0,local_low_no_transmit,synthetic_fallback
474,33.5,35.6,25.3,0.82,99.0,78.7,205.0,13.0,65.0,30.3,provided,2,2,High,0.55,3.1811399988150706,30.3,1,transmit_to_edge,synthetic_fallback
475,22.2,31.0,9.6,0.57,90.1,34.6,152.8,10.8,50.4,23.6,provided,2,2,High,0.55,3.1811399988150706,23.6,1,transmit_to_edge,synthetic_fallback
476,20.3,49.6,27.7,0.64,81.9,50.7,142.0,15.8,32.6,24.9,provided,2,2,High,0.55,3.1811399988150706,24.9,1,transmit_to_edge,synthetic_fallback
477,15.3,16.8,22.9,0.18,94.0,50.8,240.4,11.3,49.2,24.0,provided,2,2,High,0.55,3.1811399988150706,24.0,1,transmit_to_edge,synthetic_fallback
478,44.9,84.4,13.8,0.45,91.8,56.1,137.7,8.4,51.9,19.9,provided,1,1,Moderate,0.35,5.640159571160261,19.9,1,transmit_to_edge,synthetic_fallback
479,27.4,5.0,22.5,0.61,99.0,86.4,330.7,15.2,77.2,36.7,provided,2,2,High,0.55,3.1811399988150706,36.7,1,transmit_to_edge,synthetic_fallback
480,32.0,27.7,6.7,0.17,99.0,60.6,317.7,11.3,63.7,27.4,provided,2,2,High,0.55,3.1811399988150706,27.4,1,transmit_to_edge,synthetic_fallback
481,29.8,46.1,4.9,1.18,82.9,36.4,177.6,2.0,35.7,4.8,provided,0,0,Low,0.2,10.0,4.8,0,local_low_no_transmit,synthetic_fallback
482,31.3,47.0,8.0,1.9,80.3,19.6,169.1,4.8,28.9,9.4,provided,0,0,Low,0.2,10.0,9.4,0,local_low_no_transmit,synthetic_fallback
483,30.4,55.7,14.1,0.38,94.1,39.0,176.3,9.9,46.2,21.2,provided,1,1,Moderate,0.35,5.640159571160261,21.2,1,transmit_to_edge,synthetic_fallback
484,45.3,58.0,14.7,0.54,94.1,53.7,216.6,12.2,46.1,24.5,provided,2,2,High,0.55,3.1811399988150706,24.5,1,transmit_to_edge,synthetic_fallback
485,21.7,47.3,13.4,0.55,79.0,41.4,157.4,6.3,38.0,13.7,provided,1,1,Moderate,0.35,5.640159571160261,13.7,1,transmit_to_edge,synthetic_fallback
486,17.5,77.0,17.7,0.29,76.9,13.5,69.0,11.0,12.5,12.1,provided,1,1,Moderate,0.35,5.640159571160261,12.1,1,transmit_to_edge,synthetic_fallback
487,21.9,5.0,2.1,0.45,82.2,71.5,251.2,4.1,58.3,12.5,provided,1,1,Moderate,0.35,5.640159571160261,12.5,1,transmit_to_edge,synthetic_fallback
488,19.3,52.0,20.5,0.17,78.2,40.1,226.7,15.9,39.5,27.4,provided,2,2,High,0.55,3.1811399988150706,27.4,1,transmit_to_edge,synthetic_fallback
489,36.0,36.3,7.1,0.92,99.0,57.3,255.5,8.0,43.5,17.6,provided,1,1,Moderate,0.35,5.640159571160261,17.6,1,transmit_to_edge,synthetic_fallback
490,36.6,54.9,12.4,0.02,88.0,64.9,237.4,8.4,62.4,22.0,provided,2,2,High,0.55,3.1811399988150706,22.0,1,transmit_to_edge,synthetic_fallback
491,22.3,56.9,14.1,0.0,97.6,32.1,189.8,9.0,45.9,19.8,provided,1,1,Moderate,0.35,5.640159571160261,19.8,1,transmit_to_edge,synthetic_fallback
492,18.9,31.9,8.9,0.75,68.4,45.2,98.5,8.4,48.9,19.4,provided,1,1,Moderate,0.35,5.640159571160261,19.4,1,transmit_to_edge,synthetic_fallback
493,27.2,37.9,7.4,0.28,99.0,55.4,150.9,9.0,55.3,21.8,provided,2,2,High,0.55,3.1811399988150706,21.8,1,transmit_to_edge,synthetic_fallback
494,41.1,69.4,10.0,1.54,97.3,35.6,154.4,5.1,24.7,9.1,provided,0,0,Low,0.2,10.0,9.1,0,local_low_no_transmit,synthetic_fallback
495,10.0,59.7,16.9,0.88,69.3,6.9,11.9,9.1,17.4,12.1,provided,1,1,Moderate,0.35,5.640159571160261,12.1,1,transmit_to_edge,synthetic_fallback
496,34.2,37.0,21.1,1.05,99.0,67.4,265.2,8.5,54.0,20.6,provided,1,1,Moderate,0.35,5.640159571160261,20.6,1,transmit_to_edge,synthetic_fallback
497,21.4,96.9,20.9,1.61,59.5,0.9,13.9,7.2,1.0,3.3,provided,0,0,Low,0.2,10.0,3.3,0,local_low_no_transmit,synthetic_fallback
498,38.3,98.0,10.0,0.21,73.3,39.6,177.5,4.2,51.2,11.6,provided,1,1,Moderate,0.35,5.640159571160261,11.6,1,transmit_to_edge,synthetic_fallback
499,21.4,19.8,11.5,1.0,96.6,68.8,242.0,5.4,50.6,14.1,provided,1,1,Moderate,0.35,5.640159571160261,14.1,1,transmit_to_edge,synthetic_fallback
500,27.7,58.6,10.6,1.61,71.2,25.7,139.3,4.7,31.8,9.8,provided,0,0,Low,0.2,10.0,9.8,0,local_low_no_transmit,synthetic_fallback
501,17.9,98.0,20.1,3.44,42.0,0.5,11.5,4.4,3.3,2.7,provided,0,0,Low,0.2,10.0,2.7,0,local_low_no_transmit,synthetic_fallback
502,22.2,69.2,2.7,0.03,78.2,0.0,102.8,6.2,4.9,4.8,provided,0,0,Low,0.2,10.0,4.8,0,local_low_no_transmit,synthetic_fallback
503,41.1,56.9,25.7,0.06,99.0,73.8,297.8,15.3,58.8,32.3,provided,2,2,High,0.55,3.1811399988150706,32.3,1,transmit_to_edge,synthetic_fallback
504,36.6,47.4,13.6,0.11,99.0,62.5,203.6,9.1,56.2,22.1,provided,2,2,High,0.55,3.1811399988150706,22.1,1,transmit_to_edge,synthetic_fallback
505,26.8,40.1,11.5,0.35,92.8,30.1,201.4,6.0,28.0,11.1,provided,0,0,Low,0.2,10.0,11.1,0,local_low_no_transmit,synthetic_fallback
506,23.0,47.3,19.4,0.29,79.5,47.8,190.2,12.1,50.8,25.6,provided,2,2,High,0.55,3.1811399988150706,25.6,1,transmit_to_edge,synthetic_fallback
507,14.8,39.9,24.2,1.02,86.9,38.6,131.1,7.3,42.7,16.4,provided,1,1,Moderate,0.35,5.640159571160261,16.4,1,transmit_to_edge,synthetic_fallback
508,26.9,68.4,19.4,0.11,85.2,30.5,196.4,6.5,20.6,10.0,provided,0,0,Low,0.2,10.0,10.0,0,local_low_no_transmit,synthetic_fallback
509,29.8,43.2,24.4,0.21,89.8,59.3,270.3,14.1,50.7,28.5,provided,2,2,High,0.55,3.1811399988150706,28.5,1,transmit_to_edge,synthetic_fallback
510,29.3,42.3,17.9,0.55,94.6,47.0,177.1,12.0,38.6,22.2,provided,2,2,High,0.55,3.1811399988150706,22.2,1,transmit_to_edge,synthetic_fallback
511,29.2,25.6,25.6,0.25,99.0,82.9,274.2,15.5,60.9,33.2,provided,2,2,High,0.55,3.1811399988150706,33.2,1,transmit_to_edge,synthetic_fallback
512,21.0,50.9,25.7,0.38,81.5,26.4,124.9,11.9,15.7,14.3,provided,1,1,Moderate,0.35,5.640159571160261,14.3,1,transmit_to_edge,synthetic_fallback
513,29.5,32.3,16.3,0.25,99.0,62.4,256.8,7.6,56.7,19.5,provided,1,1,Moderate,0.35,5.640159571160261,19.5,1,transmit_to_edge,synthetic_fallback
514,29.7,48.0,27.1,0.19,93.4,80.6,191.0,12.5,62.2,28.9,provided,2,2,High,0.55,3.1811399988150706,28.9,1,transmit_to_edge,synthetic_fallback
515,40.3,74.9,18.2,0.24,99.0,55.6,233.1,12.3,36.9,22.1,provided,2,2,High,0.55,3.1811399988150706,22.1,1,transmit_to_edge,synthetic_fallback
516,44.9,60.1,17.6,0.71,98.9,74.5,265.0,8.9,60.0,22.4,provided,2,2,High,0.55,3.1811399988150706,22.4,1,transmit_to_edge,synthetic_fallback
517,28.9,63.1,10.5,1.47,83.8,27.9,146.3,5.5,31.1,10.9,provided,0,0,Low,0.2,10.0,10.9,0,local_low_no_transmit,synthetic_fallback
518,23.9,59.8,15.0,1.36,75.7,14.6,96.6,5.0,5.6,4.0,provided,0,0,Low,0.2,10.0,4.0,0,local_low_no_transmit,synthetic_fallback
519,29.5,53.3,22.4,0.12,99.0,54.6,149.2,9.9,37.1,19.0,provided,1,1,Moderate,0.35,5.640159571160261,19.0,1,transmit_to_edge,synthetic_fallback
520,25.1,49.2,7.8,0.22,82.1,45.3,215.0,8.6,55.1,21.1,provided,1,1,Moderate,0.35,5.640159571160261,21.1,1,transmit_to_edge,synthetic_fallback
521,24.1,45.2,21.5,0.65,85.5,36.2,164.9,12.1,44.0,23.9,provided,2,2,High,0.55,3.1811399988150706,23.9,1,transmit_to_edge,synthetic_fallback
522,29.5,68.7,19.4,0.91,75.1,39.4,183.1,7.1,23.6,11.7,provided,1,1,Moderate,0.35,5.640159571160261,11.7,1,transmit_to_edge,synthetic_fallback
523,21.7,28.1,18.9,0.44,97.2,67.2,214.5,8.7,45.7,19.2,provided,1,1,Moderate,0.35,5.640159571160261,19.2,1,transmit_to_edge,synthetic_fallback
524,34.8,81.5,1.6,0.11,85.5,43.2,146.6,3.8,39.9,9.3,provided,0,0,Low,0.2,10.0,9.3,0,local_low_no_transmit,synthetic_fallback
525,29.2,52.7,16.3,0.01,99.0,36.4,254.9,11.8,29.4,19.2,provided,1,1,Moderate,0.35,5.640159571160261,19.2,1,transmit_to_edge,synthetic_fallback
526,32.0,35.5,21.5,0.06,99.0,62.4,271.1,9.6,54.8,22.7,provided,2,2,High,0.55,3.1811399988150706,22.7,1,transmit_to_edge,synthetic_fallback
527,28.5,41.2,11.7,0.6,93.5,35.9,239.2,8.0,34.1,15.6,provided,1,1,Moderate,0.35,5.640159571160261,15.6,1,transmit_to_edge,synthetic_fallback
528,24.2,37.1,17.6,0.73,89.3,60.4,130.1,5.3,51.6,14.1,provided,1,1,Moderate,0.35,5.640159571160261,14.1,1,transmit_to_edge,synthetic_fallback
529,22.4,55.5,1.0,0.36,78.7,33.1,134.5,1.6,9.3,0.9,provided,0,0,Low,0.2,10.0,0.9,0,local_low_no_transmit,synthetic_fallback
530,28.1,36.2,21.7,1.96,90.4,56.8,173.8,11.6,29.7,19.1,provided,1,1,Moderate,0.35,5.640159571160261,19.1,1,transmit_to_edge,synthetic_fallback
531,25.6,77.1,12.4,0.17,83.8,16.1,92.2,10.3,6.2,8.5,provided,0,0,Low,0.2,10.0,8.5,0,local_low_no_transmit,synthetic_fallback
532,31.9,34.8,23.1,0.32,99.0,59.6,256.4,10.0,62.2,24.8,provided,2,2,High,0.55,3.1811399988150706,24.8,1,transmit_to_edge,synthetic_fallback
533,30.0,5.0,4.1,0.48,99.0,78.2,289.5,4.7,67.0,14.8,provided,1,1,Moderate,0.35,5.640159571160261,14.8,1,transmit_to_edge,synthetic_fallback
534,19.1,35.9,21.8,1.12,80.9,41.9,209.7,12.4,26.1,18.9,provided,1,1,Moderate,0.35,5.640159571160261,18.9,1,transmit_to_edge,synthetic_fallback
535,30.5,7.8,15.3,0.88,99.0,71.0,219.8,8.9,63.3,23.0,provided,2,2,High,0.55,3.1811399988150706,23.0,1,transmit_to_edge,synthetic_fallback
536,19.3,51.1,22.7,1.57,78.3,28.5,105.9,9.3,30.5,16.5,provided,1,1,Moderate,0.35,5.640159571160261,16.5,1,transmit_to_edge,synthetic_fallback
537,25.1,75.3,10.5,0.4,72.1,28.9,63.4,8.1,20.6,12.1,provided,1,1,Moderate,0.35,5.640159571160261,12.1,1,transmit_to_edge,synthetic_fallback
538,27.6,66.3,12.7,0.28,88.9,37.9,174.7,9.1,32.5,16.7,provided,1,1,Moderate,0.35,5.640159571160261,16.7,1,transmit_to_edge,synthetic_fallback
539,13.4,22.6,32.7,0.27,90.5,42.9,179.7,17.6,42.2,30.3,provided,2,2,High,0.55,3.1811399988150706,30.3,1,transmit_to_edge,synthetic_fallback
540,30.7,35.2,11.2,0.23,97.2,41.9,243.8,10.4,51.5,23.3,provided,2,2,High,0.55,3.1811399988150706,23.3,1,transmit_to_edge,synthetic_fallback
541,31.2,91.1,12.1,0.05,72.7,22.9,85.1,6.5,21.2,10.2,provided,0,0,Low,0.2,10.0,10.2,0,local_low_no_transmit,synthetic_fallback
542,28.7,59.0,15.1,2.59,63.7,27.3,122.7,6.4,29.3,12.1,provided,1,1,Moderate,0.35,5.640159571160261,12.1,1,transmit_to_edge,synthetic_fallback
543,26.6,52.1,9.8,0.42,90.5,38.7,188.8,7.6,36.1,15.4,provided,1,1,Moderate,0.35,5.640159571160261,15.4,1,transmit_to_edge,synthetic_fallback
544,27.0,75.2,25.3,3.05,60.4,8.7,42.1,6.5,5.1,5.1,provided,0,0,Low,0.2,10.0,5.1,0,local_low_no_transmit,synthetic_fallback
545,22.2,98.0,29.1,0.47,62.9,4.0,50.4,10.2,0.0,3.6,provided,0,0,Low,0.2,10.0,3.6,0,local_low_no_transmit,synthetic_fallback
546,27.8,80.5,12.1,0.4,70.3,31.6,45.6,9.5,25.3,15.2,provided,1,1,Moderate,0.35,5.640159571160261,15.2,1,transmit_to_edge,synthetic_fallback
547,25.6,55.1,4.9,0.75,83.9,31.5,132.0,2.1,26.0,4.1,provided,0,0,Low,0.2,10.0,4.1,0,local_low_no_transmit,synthetic_fallback
548,30.7,59.8,25.2,0.35,91.7,53.4,220.6,15.0,46.0,28.3,provided,2,2,High,0.55,3.1811399988150706,28.3,1,transmit_to_edge,synthetic_fallback
549,20.4,65.6,24.8,0.69,76.3,17.1,83.9,12.2,23.6,17.7,provided,1,1,Moderate,0.35,5.640159571160261,17.7,1,transmit_to_edge,synthetic_fallback
550,31.9,38.5,22.8,0.15,93.0,63.5,290.1,11.9,62.6,28.1,provided,2,2,High,0.55,3.1811399988150706,28.1,1,transmit_to_edge,synthetic_fallback
551,31.1,28.7,25.1,0.55,99.0,75.3,191.7,14.2,67.4,32.9,provided,2,2,High,0.55,3.1811399988150706,32.9,1,transmit_to_edge,synthetic_fallback
552,28.9,53.2,10.9,2.82,66.9,15.9,35.7,6.4,0.0,1.9,provided,0,0,Low,0.2,10.0,1.9,0,local_low_no_transmit,synthetic_fallback
553,26.5,31.2,15.8,0.57,97.8,45.7,163.1,12.7,44.0,24.7,provided,2,2,High,0.55,3.1811399988150706,24.7,1,transmit_to_edge,synthetic_fallback
554,34.4,50.6,7.3,0.98,93.1,46.9,166.8,5.9,35.8,12.5,provided,1,1,Moderate,0.35,5.640159571160261,12.5,1,transmit_to_edge,synthetic_fallback
555,16.7,54.1,7.1,1.53,66.9,24.0,53.0,4.4,12.3,5.4,provided,0,0,Low,0.2,10.0,5.4,0,local_low_no_transmit,synthetic_fallback
556,33.7,98.0,23.9,0.28,90.3,31.6,110.5,11.8,20.4,16.1,provided,1,1,Moderate,0.35,5.640159571160261,16.1,1,transmit_to_edge,synthetic_fallback
557,31.9,33.3,12.3,0.62,99.0,78.6,229.1,13.1,74.6,32.6,provided,2,2,High,0.55,3.1811399988150706,32.6,1,transmit_to_edge,synthetic_fallback
558,32.3,49.3,33.0,0.27,99.0,66.1,268.4,17.8,65.7,37.7,provided,2,2,High,0.55,3.1811399988150706,37.7,1,transmit_to_edge,synthetic_fallback
559,33.1,48.4,17.5,0.58,96.8,55.3,195.4,8.5,41.9,18.0,provided,1,1,Moderate,0.35,5.640159571160261,18.0,1,transmit_to_edge,synthetic_fallback
560,24.8,61.6,12.5,0.86,76.6,15.3,67.4,6.9,4.9,5.3,provided,0,0,Low,0.2,10.0,5.3,0,local_low_no_transmit,synthetic_fallback
561,27.9,75.0,22.6,0.11,88.3,31.0,94.1,10.4,25.9,16.4,provided,1,1,Moderate,0.35,5.640159571160261,16.4,1,transmit_to_edge,synthetic_fallback
562,35.1,41.2,29.6,0.52,99.0,88.7,340.9,14.5,74.4,35.0,provided,2,2,High,0.55,3.1811399988150706,35.0,1,transmit_to_edge,synthetic_fallback
563,33.4,33.9,20.4,0.84,94.8,72.2,165.9,11.6,70.2,29.3,provided,2,2,High,0.55,3.1811399988150706,29.3,1,transmit_to_edge,synthetic_fallback
564,31.7,15.9,8.5,2.67,99.0,64.9,202.8,11.5,42.6,22.7,provided,2,2,High,0.55,3.1811399988150706,22.7,1,transmit_to_edge,synthetic_fallback
565,17.9,31.6,19.6,0.2,92.6,55.0,227.1,7.1,34.7,14.3,provided,1,1,Moderate,0.35,5.640159571160261,14.3,1,transmit_to_edge,synthetic_fallback
566,34.3,63.8,26.6,1.16,96.5,49.8,199.8,15.3,42.3,27.6,provided,2,2,High,0.55,3.1811399988150706,27.6,1,transmit_to_edge,synthetic_fallback
567,39.4,53.0,13.5,0.28,99.0,64.2,210.1,10.5,54.5,24.0,provided,2,2,High,0.55,3.1811399988150706,24.0,1,transmit_to_edge,synthetic_fallback
568,38.1,29.7,11.6,0.16,99.0,81.9,288.7,7.4,71.6,21.6,provided,2,2,High,0.55,3.1811399988150706,21.6,1,transmit_to_edge,synthetic_fallback
569,31.9,43.8,24.1,0.43,92.7,71.2,263.0,12.1,68.1,29.7,provided,2,2,High,0.55,3.1811399988150706,29.7,1,transmit_to_edge,synthetic_fallback
570,17.5,52.7,18.0,0.69,87.5,31.9,147.3,9.0,46.1,19.7,provided,1,1,Moderate,0.35,5.640159571160261,19.7,1,transmit_to_edge,synthetic_fallback
571,37.5,63.1,9.3,0.05,95.5,60.2,169.7,8.2,46.6,18.6,provided,1,1,Moderate,0.35,5.640159571160261,18.6,1,transmit_to_edge,synthetic_fallback
572,28.8,38.9,14.3,0.15,88.1,60.9,241.8,11.5,49.7,24.4,provided,2,2,High,0.55,3.1811399988150706,24.4,1,transmit_to_edge,synthetic_fallback
573,10.0,46.5,11.7,0.04,74.2,12.5,89.6,4.4,0.0,0.9,provided,0,0,Low,0.2,10.0,0.9,0,local_low_no_transmit,synthetic_fallback
574,33.0,12.0,19.1,0.85,99.0,80.6,335.9,13.9,74.5,33.9,provided,2,2,High,0.55,3.1811399988150706,33.9,1,transmit_to_edge,synthetic_fallback
575,18.1,26.7,17.8,0.19,80.2,41.4,234.7,9.1,47.8,20.3,provided,1,1,Moderate,0.35,5.640159571160261,20.3,1,transmit_to_edge,synthetic_fallback
576,19.6,87.6,25.1,0.81,51.3,18.9,29.6,13.6,12.0,14.0,provided,1,1,Moderate,0.35,5.640159571160261,14.0,1,transmit_to_edge,synthetic_fallback
577,24.9,5.0,22.0,0.41,99.0,58.1,232.5,13.1,61.2,29.6,provided,2,2,High,0.55,3.1811399988150706,29.6,1,transmit_to_edge,synthetic_fallback
578,40.2,44.6,6.1,0.3,99.0,67.3,264.0,9.8,59.8,24.1,provided,2,2,High,0.55,3.1811399988150706,24.1,1,transmit_to_edge,synthetic_fallback
579,27.0,56.8,19.8,2.46,76.7,51.8,169.4,10.3,55.9,24.0,provided,2,2,High,0.55,3.1811399988150706,24.0,1,transmit_to_edge,synthetic_fallback
580,32.2,43.8,23.3,0.13,99.0,63.5,265.3,15.1,59.9,32.3,provided,2,2,High,0.55,3.1811399988150706,32.3,1,transmit_to_edge,synthetic_fallback
581,44.0,34.2,20.2,1.31,99.0,72.1,306.2,11.2,56.8,25.6,provided,2,2,High,0.55,3.1811399988150706,25.6,1,transmit_to_edge,synthetic_fallback
582,42.8,50.7,24.2,0.16,99.0,80.7,373.4,11.2,69.8,28.4,provided,2,2,High,0.55,3.1811399988150706,28.4,1,transmit_to_edge,synthetic_fallback
583,29.2,51.9,13.2,0.24,77.7,62.2,144.3,9.7,36.8,18.7,provided,1,1,Moderate,0.35,5.640159571160261,18.7,1,transmit_to_edge,synthetic_fallback
584,28.1,50.2,10.3,1.25,82.0,37.3,176.4,8.6,20.9,12.7,provided,1,1,Moderate,0.35,5.640159571160261,12.7,1,transmit_to_edge,synthetic_fallback
585,19.9,10.7,23.5,0.79,94.5,70.1,211.3,16.8,60.4,34.8,provided,2,2,High,0.55,3.1811399988150706,34.8,1,transmit_to_edge,synthetic_fallback
586,24.4,48.8,9.5,0.2,78.0,42.5,155.6,2.7,43.9,7.4,provided,0,0,Low,0.2,10.0,7.4,0,local_low_no_transmit,synthetic_fallback
587,33.4,33.2,1.9,1.73,88.7,48.2,192.9,3.9,58.5,12.0,provided,1,1,Moderate,0.35,5.640159571160261,12.0,1,transmit_to_edge,synthetic_fallback
588,33.2,39.9,24.2,0.35,99.0,101.7,305.4,15.2,84.0,38.3,provided,3,3,Very High,0.75,1.7942137211517566,38.3,1,transmit_to_edge,synthetic_fallback
589,30.9,57.0,11.9,1.47,81.7,38.8,109.3,4.6,29.8,9.2,provided,0,0,Low,0.2,10.0,9.2,0,local_low_no_transmit,synthetic_fallback
590,38.0,66.1,14.9,0.12,86.0,51.0,186.3,8.8,35.5,17.1,provided,1,1,Moderate,0.35,5.640159571160261,17.1,1,transmit_to_edge,synthetic_fallback
591,23.8,71.7,7.2,0.29,70.3,16.9,30.6,10.6,20.8,15.0,provided,1,1,Moderate,0.35,5.640159571160261,15.0,1,transmit_to_edge,synthetic_fallback
592,29.6,41.1,7.7,1.16,99.0,51.1,190.8,10.3,47.8,22.1,provided,2,2,High,0.55,3.1811399988150706,22.1,1,transmit_to_edge,synthetic_fallback
593,35.8,72.3,8.9,0.8,77.8,43.5,130.8,4.6,31.4,9.6,provided,0,0,Low,0.2,10.0,9.6,0,local_low_no_transmit,synthetic_fallback
594,34.7,77.8,14.5,1.39,69.3,39.5,135.3,10.7,39.3,20.7,provided,1,1,Moderate,0.35,5.640159571160261,20.7,1,transmit_to_edge,synthetic_fallback
595,38.6,77.0,19.6,0.23,93.3,52.8,150.5,13.8,47.9,27.3,provided,2,2,High,0.55,3.1811399988150706,27.3,1,transmit_to_edge,synthetic_fallback
596,33.2,82.6,1.0,1.03,76.2,6.8,71.1,5.5,0.0,1.4,provided,0,0,Low,0.2,10.0,1.4,0,local_low_no_transmit,synthetic_fallback
597,27.5,48.8,22.3,1.44,89.9,49.5,199.3,12.0,50.0,25.3,provided,2,2,High,0.55,3.1811399988150706,25.3,1,transmit_to_edge,synthetic_fallback
598,32.9,48.2,8.7,0.83,84.8,48.2,181.5,7.4,43.3,16.6,provided,1,1,Moderate,0.35,5.640159571160261,16.6,1,transmit_to_edge,synthetic_fallback
599,22.0,70.2,9.5,0.78,76.2,14.3,92.0,4.8,11.7,5.6,provided,0,0,Low,0.2,10.0,5.6,0,local_low_no_transmit,synthetic_fallback
